nccm_id,Scenario Type,Order Type,1,2,3,4,m6viznet_service_id,6,7,8,9,10,11,order_issued_date
NCCM_51309,NORMAL,BINCCM,CLOSED,,bpm.wasadmin,IP-Field-Ops-Ahmedabad,,No,06-12-2015 02:57,No,,,,
NCCM_51310,NORMAL,URIGPSNCCM,CLOSED,,bpm.wasadmin,IP-Field-Ops-Ahmedabad,06dec,No,06-12-2015 03:18,No,,,,
NCCM_51321,NORMAL,PGICCNCCM,IN PROGRESS,NCCM_PC_GIC_ConfigureCircuit,paresh.pawar,SOC-IP,1234,No,06-12-2015 09:04,No,,CM-IP-Enterprise,CM-IP-Enterprise,06-12-2015 12:25
NCCM_51323,NORMAL,PGICCNCCM,IN PROGRESS,NCCM_PC_GIC_ConfigureCircuit,paresh.pawar,SOC-IP,12345,No,06-12-2015 09:11,No,,CM-IP-Enterprise,CM-IP-Enterprise,06-12-2015 09:12
NCCM_51326,NORMAL,URIGPSNCCM,IN PROGRESS,NCCM_UR_IGP_VerifyCRSAAccess,paresh.pawar,SOC-IP,1234,No,06-12-2015 09:14,No,,SA-ACCESS,SA-ACCESS,06-12-2015 09:15
NCCM_51327,NORMAL,URIGCCNCCM,IN PROGRESS,NCCM_UR_IGC_RegularizeConfig,paresh.pawar,SOC-IP,1234,No,06-12-2015 09:16,No,,CM-IP-Enterprise,CM-IP-Enterprise,06-12-2015 09:18
NCCM_51329,NORMAL,PINCNCCM,IN PROGRESS,NCCM_setCLRErrorTask,singh.amit,ESOC,TestSanity,No,06-12-2015 09:51,No,ploni,Provisioning-Network,Provisioning-Network,06-12-2015 10:01
NCCM_51330,NORMAL,URINNCCM,IN PROGRESS,NCCM_UR_IN_UpdateCramer,nitin.dabhade,ESOC,44100263694,No,06-12-2015 10:02,No,,Provisioning-Network,Provisioning-Network,06-12-2015 10:04
NCCM_51332,NORMAL,URINNCCM,IN PROGRESS,NCCM_UR_IN_ReviewCR,singh.amit,ESOC,TestSanity,No,06-12-2015 10:27,No,,ESOC,ESOC,06-12-2015 10:35
NCCM_51334,CEASE,PITGISNCCM,Ceasing,UndoNCCM_PITGIS_AnalyzeRequestAndSchedule,debasish.das,SOC-IP,Test,No,06-12-2015 10:50,No,,Provisioning-Network,Provisioning-Network,09-12-2015 18:03
NCCM_51334,CEASE,PITGISNCCM,Ceasing,UndoNCCM_PITGIS_RaiseChangeRequest,debasish.das,SOC-IP,Test,No,06-12-2015 10:50,No,,SOC-IP,SOC-IP,09-12-2015 18:02
NCCM_51334,CEASE,PITGISNCCM,Ceasing,UndoNCCM_PITGIS_GenerateNewCLR,debasish.das,SOC-IP,Test,No,06-12-2015 10:50,No,,Provisioning-Network,Provisioning-Network,09-12-2015 18:06
NCCM_51338,NORMAL,BTNCCM,IN PROGRESS,NCCM_BM_Tx_ScheduleBulkMigration,hemant.pawar,Provisioning-Network,,No,06-12-2015 12:19,No,,Provisioning-Network,Provisioning-Network,06-12-2015 12:20
NCCM_51340,NORMAL,BTNCCM,IN PROGRESS,NCCM_BM_Tx_ReviewAndClose,ISInamda,Provisioning-Network,,No,07-12-2015 10:56,No,,Provisioning-Network,Provisioning-Network,09-12-2015 01:56
NCCM_51342,NORMAL,BTNCCM,IN PROGRESS,NCCM_BM_Tx_ReviewAndClose,ISInamda,Provisioning-Network,,No,07-12-2015 11:21,No,,Provisioning-Network,Provisioning-Network,16-12-2015 21:51
NCCM_51343,NORMAL,BTNCCM,IN PROGRESS,NCCM_BM_Tx_ReviewAndClose,ISInamda,Provisioning-Network,,No,07-12-2015 11:24,No,,Provisioning-Network,Provisioning-Network,11-12-2015 01:52
NCCM_51344,NORMAL,BTNCCM,IN PROGRESS,NCCM_BM_Tx_ReviewAndClose,AFating,Provisioning-Network,,No,07-12-2015 11:35,No,,Provisioning-Network,Provisioning-Network,19-01-2016 11:04
NCCM_51345,NORMAL,BTNCCM,IN PROGRESS,NCCM_BM_Tx_ReviewAndClose,ISInamda,Provisioning-Network,,No,07-12-2015 12:08,No,,Provisioning-Network,Provisioning-Network,09-12-2015 15:22
NCCM_51349,NORMAL,BTNCCM,IN PROGRESS,NCCM_BM_Tx_ReviewAndClose,ISInamda,Provisioning-Network,,No,07-12-2015 12:48,No,,Provisioning-Network,Provisioning-Network,07-12-2015 18:12
NCCM_51350,NORMAL,URIGPSNCCM,IN PROGRESS,NCCM_UR_IGP_VerifyCRSAAccess,paresh.pawar,SOC-IP,091NOID623008990054,No,07-12-2015 12:49,No,,SA-ACCESS,SA-ACCESS,07-12-2015 12:51
NCCM_51351,NORMAL,BTNCCM,IN PROGRESS,NCCM_BM_Tx_ReviewAndClose,ISInamda,Provisioning-Network,,No,07-12-2015 12:53,No,,Provisioning-Network,Provisioning-Network,07-12-2015 16:02
NCCM_51353,CEASE,URIGCCNCCM,Ceasing,UndoNCCM_VerifyCR,paresh.pawar,SOC-IP,091NOID623008990054,No,07-12-2015 13:06,No,,SOC-IP,SOC-IP,07-12-2015 13:11
NCCM_51355,NORMAL,BTNCCM,IN PROGRESS,NCCM_BM_Tx_ReviewAndClose,ISInamda,Provisioning-Network,,No,07-12-2015 13:09,No,,Provisioning-Network,Provisioning-Network,10-12-2015 08:03
NCCM_51357,NORMAL,URIGCCNCCM,IN PROGRESS,NCCM_UR_IGC_RegularizeConfig,paresh.pawar,SOC-IP,091NOID623008990054,No,07-12-2015 13:11,No,,CM-IP-Enterprise,CM-IP-Enterprise,07-12-2015 13:16
NCCM_51358,NORMAL,BINCCM,CLOSED,,parag.potdar,IP-Field-Ops-Mumbai,,No,07-12-2015 17:44,No,,,,
NCCM_51359,NORMAL,BTNCCM,IN PROGRESS,NCCM_BM_Tx_ReviewAndClose,ISInamda,Provisioning-Network,,No,07-12-2015 18:05,No,,Provisioning-Network,Provisioning-Network,08-12-2015 12:27
NCCM_51361,NORMAL,BTNCCM,IN PROGRESS,NCCM_BM_Tx_ReviewAndClose,ISInamda,Provisioning-Network,,No,07-12-2015 18:29,No,,Provisioning-Network,Provisioning-Network,07-12-2015 18:53
NCCM_51362,NORMAL,BTNCCM,IN PROGRESS,NCCM_BM_Tx_ReviewAndClose,ISInamda,Provisioning-Network,,No,07-12-2015 18:41,No,,Provisioning-Network,Provisioning-Network,08-12-2015 12:45
NCCM_51363,NORMAL,BTNCCM,IN PROGRESS,NCCM_BM_Tx_ReviewAndClose,ISInamda,Provisioning-Network,,No,07-12-2015 19:15,No,,Provisioning-Network,Provisioning-Network,07-12-2015 19:51
NCCM_51364,NORMAL,PGICCNCCM,IN PROGRESS,NCCM_PC_GIC_ConfigureCircuit,paresh.pawar,SOC-IP,091BENG623009499504,No,08-12-2015 07:49,No,,CM-IP-Enterprise,CM-IP-Enterprise,08-12-2015 07:50
NCCM_51365,NORMAL,PGICCNCCM,IN PROGRESS,NCCM_PC_GIC_ConfigureCircuit,paresh.pawar,SOC-IP,091BENG623009499539,No,08-12-2015 07:50,No,,CM-IP-Enterprise,CM-IP-Enterprise,08-12-2015 07:52
NCCM_51366,NORMAL,BTNCCM,IN PROGRESS,NCCM_BM_Tx_ReviewAndClose,ISInamda,Provisioning-Network,,No,08-12-2015 10:09,No,,Provisioning-Network,Provisioning-Network,22-12-2015 05:31
NCCM_51367,NORMAL,BTNCCM,IN PROGRESS,NCCM_BM_Tx_ReviewAndClose,hemant.pawar,Provisioning-Network,,No,08-12-2015 10:25,No,,Provisioning-Network,Provisioning-Network,08-12-2015 12:22
NCCM_51368,NORMAL,BTNCCM,IN PROGRESS,NCCM_BM_Tx_ReviewAndClose,ISInamda,Provisioning-Network,,No,08-12-2015 10:33,No,,Provisioning-Network,Provisioning-Network,08-12-2015 11:22
NCCM_51369,NORMAL,BTNCCM,IN PROGRESS,NCCM_BM_Tx_ReviewAndClose,ISInamda,Provisioning-Network,,No,08-12-2015 10:45,No,,Provisioning-Network,Provisioning-Network,08-12-2015 13:34
NCCM_51370,NORMAL,BTNCCM,IN PROGRESS,NCCM_BM_Tx_ConfigureTxServiceInPEWindow,ISInamda,Provisioning-Network,,No,08-12-2015 11:01,No,,CM-Transport,CM-Transport,08-12-2015 11:03
NCCM_51371,NORMAL,BTNCCM,IN PROGRESS,NCCM_BM_Tx_ReviewAndClose,ISInamda,Provisioning-Network,,No,08-12-2015 11:04,No,,Provisioning-Network,Provisioning-Network,08-12-2015 12:44
NCCM_51373,CEASE,BTNCCM,Ceasing,UndoNCCM_BM_Tx_UpdateCramerCLR,ISInamda,Provisioning-Network,,No,08-12-2015 11:24,No,ISINAMDA,Provisioning-Network,Provisioning-Network,08-12-2015 11:26
NCCM_51373,CEASE,BTNCCM,Ceasing,UndoNCCM_BM_Tx_ScheduleBulkMigration,ISInamda,Provisioning-Network,,No,08-12-2015 11:24,No,ISINAMDA,Provisioning-Network,Provisioning-Network,08-12-2015 11:27
NCCM_51372,NORMAL,BTNCCM,IN PROGRESS,NCCM_BM_Tx_ReviewAndClose,ISInamda,Provisioning-Network,,No,08-12-2015 11:22,No,,Provisioning-Network,Provisioning-Network,08-12-2015 12:53
NCCM_51375,NORMAL,BTNCCM,IN PROGRESS,NCCM_BM_Tx_ReviewAndClose,ISInamda,Provisioning-Network,,No,08-12-2015 12:16,No,,Provisioning-Network,Provisioning-Network,08-12-2015 13:07
NCCM_51376,CEASE,PITGISNCCM,Ceased,,KJamdade,PMG,091MUMB1143005693400,No,08-12-2015 12:48,No,,,,
NCCM_51377,NORMAL,PITGISNCCM,IN PROGRESS,NCCM_PITGIS_RaiseChangeRequest,KJamdade,PMG,091MUMB1143005693400,No,08-12-2015 12:49,No,,PMG,PMG,08-12-2015 12:49
NCCM_51378,CEASE,PGICCNCCM,Ceased,,paresh.pawar,SOC-IP,091BENG030003433461,No,08-12-2015 12:51,No,,,,
NCCM_51381,NORMAL,PINCNCCM,IN PROGRESS,NCCM_PC_INC_ReviewAndCloseOrder,KJamdade,,091MUMB1143005693400,No,08-12-2015 12:57,No,,MAN Field Ops-New Delhi,MAN Field Ops-New Delhi,15-12-2015 17:04
NCCM_51383,CEASE,PITGISNCCM,Ceased,,KJamdade,PMG,091NAVI623005939318,No,08-12-2015 13:09,No,,,,
NCCM_51382,NORMAL,BTNCCM,IN PROGRESS,NCCM_BM_Tx_ReviewAndClose,ISInamda,Provisioning-Network,,No,08-12-2015 13:05,No,,Provisioning-Network,Provisioning-Network,10-12-2015 11:53
NCCM_51384,CEASE,PITGISNCCM,Ceased,,KJamdade,PMG,091NAVI623005939318,No,08-12-2015 13:09,No,,,,
NCCM_51386,NORMAL,PINCNCCM,IN PROGRESS,NCCM_PC_INC_ReviewAndCloseOrder,KJamdade,,091NAVI623005939318,No,08-12-2015 13:12,No,,MAN Field Ops-New Delhi,MAN Field Ops-New Delhi,17-12-2015 11:20
NCCM_51387,NORMAL,PINCNCCM,IN PROGRESS,NCCM_PC_INC_ReviewAndCloseOrder,KJamdade,,091MUMB1143012416024,No,08-12-2015 13:18,No,,MAN Field Ops-New Delhi,MAN Field Ops-New Delhi,16-12-2015 10:45
NCCM_51388,NORMAL,PINCNCCM,IN PROGRESS,NCCM_PC_INC_AnalyzeReqAndMentionSch,KJamdade,,091MUMB030008094734,No,08-12-2015 13:23,Yes,,Provisioning-Network,Provisioning-Network,23-03-2016 12:45
NCCM_51389,CEASE,PINCNCCM,Ceasing,UndoNCCM_PC_INC_ValidateOrder,KJamdade,,091NAVI1143011144887,No,08-12-2015 13:30,Yes,,ESOC,ESOC,19-03-2016 11:41
NCCM_51389,CEASE,PINCNCCM,Ceasing,UndoNCCM_PC_INC_RaiseCR,KJamdade,,091NAVI1143011144887,No,08-12-2015 13:30,Yes,,ESOC,ESOC,19-03-2016 11:41
NCCM_51391,NORMAL,PINCNCCM,IN PROGRESS,NCCM_PC_INC_ReviewAndCloseOrder,KJamdade,,091MUMB1258009374126,No,08-12-2015 13:40,No,,MAN Field Ops-New Delhi,MAN Field Ops-New Delhi,15-12-2015 17:06
NCCM_51393,NORMAL,BTNCCM,IN PROGRESS,NCCM_BM_Tx_ReviewAndClose,ISInamda,Provisioning-Network,,No,08-12-2015 13:42,No,,Provisioning-Network,Provisioning-Network,10-12-2015 17:51
NCCM_51394,NORMAL,PINCNCCM,IN PROGRESS,NCCM_setCLRErrorTask,KJamdade,,22294283574,No,08-12-2015 13:44,No,,Provisioning-Network,Provisioning-Network,09-12-2015 11:19
NCCM_51390,NORMAL,BTNCCM,IN PROGRESS,NCCM_BM_Tx_ReviewAndClose,AFating,Provisioning-Network,,No,08-12-2015 13:36,No,,Provisioning-Network,Provisioning-Network,15-12-2015 13:31
NCCM_51395,NORMAL,PINCNCCM,IN PROGRESS,NCCM_PC_INC_ReviewAndCloseOrder,KJamdade,,091MUMB1143008875580,No,08-12-2015 13:50,No,,MAN Field Ops-New Delhi,MAN Field Ops-New Delhi,15-12-2015 17:27
NCCM_51396,NORMAL,PINCNCCM,IN PROGRESS,NCCM_PC_INC_ReviewAndCloseOrder,KJamdade,,091NAVI623006395489,No,08-12-2015 13:55,No,,MAN Field Ops-New Delhi,MAN Field Ops-New Delhi,15-12-2015 17:14
NCCM_51397,NORMAL,PINCNCCM,IN PROGRESS,NCCM_PC_INC_AnalyzeReqAndMentionSch,singh.amit,ESOC,091GOA0030001699296,No,08-12-2015 14:32,Yes,ploni,Provisioning-Network,Provisioning-Network,30-12-2015 12:51
NCCM_51400,NORMAL,PINCNCCM,IN PROGRESS,NCCM_PC_INC_AnalyzeReqAndMentionSch,singh.amit,ESOC,8322235862,No,08-12-2015 14:36,Yes,,Provisioning-Network,Provisioning-Network,17-12-2015 16:09
NCCM_51401,NORMAL,URINNCCM,CLOSED,,singh.amit,ESOC,4031202564,No,08-12-2015 15:12,No,,,,
NCCM_51823,NORMAL,PINCNCCM,IN PROGRESS,NCCM_PC_INC_AnalyzeReqAndMentionSch,singh.amit,ESOC,2220394552,No,15-12-2015 14:52,No,,Provisioning-Network,Provisioning-Network,08-01-2016 11:20
NCCM_54591,NORMAL,PINCNCCM,IN PROGRESS,NCCM_PC_INC_AnalyzeReqAndMentionSch,KJamdade,,091KOLK1143010878507,No,10-02-2016 15:54,No,,Provisioning-Network,Provisioning-Network,10-02-2016 16:02
NCCM_54592,NORMAL,PINCNCCM,IN PROGRESS,NCCM_PC_INC_AnalyzeReqAndMentionSch,KJamdade,,091KOLK1143010924000,No,10-02-2016 15:55,Yes,,Provisioning-Network,Provisioning-Network,17-02-2016 11:39
NCCM_54595,NORMAL,PINCNCCM,IN PROGRESS,NCCM_PC_INC_AnalyzeReqAndMentionSch,KJamdade,,091MUMB1143004862954,No,10-02-2016 15:57,No,,Provisioning-Network,Provisioning-Network,10-02-2016 16:05
NCCM_54598,NORMAL,PINCNCCM,IN PROGRESS,NCCM_PC_INC_AnalyzeReqAndMentionSch,KJamdade,,091MUMB1143005867951,No,10-02-2016 15:58,Yes,,Provisioning-Network,Provisioning-Network,17-02-2016 11:40
NCCM_55221,NORMAL,BTNCCM,IN PROGRESS,NCCM_BM_Tx_ReviewAndClose,ISInamda,Provisioning-Network,,No,13-02-2016 10:33,No,,Provisioning-Network,Provisioning-Network,14-03-2016 12:03
NCCM_54599,NORMAL,PINCNCCM,IN PROGRESS,NCCM_PC_INC_AnalyzeReqAndMentionSch,KJamdade,,091MUMB1143005994112,No,10-02-2016 15:58,Yes,,Provisioning-Network,Provisioning-Network,17-02-2016 11:41
NCCM_55222,NORMAL,BTNCCM,IN PROGRESS,NCCM_BM_Tx_ReviewAndClose,ISInamda,Provisioning-Network,,No,13-02-2016 12:28,No,,Provisioning-Network,Provisioning-Network,13-02-2016 18:50
NCCM_54600,NORMAL,PINCNCCM,IN PROGRESS,NCCM_PC_INC_AnalyzeReqAndMentionSch,KJamdade,,091MUMB1143006420751,No,10-02-2016 15:59,Yes,,Provisioning-Network,Provisioning-Network,17-02-2016 11:42
NCCM_55233,NORMAL,BTNCCM,IN PROGRESS,NCCM_BM_Tx_ReviewAndClose,ISInamda,Provisioning-Network,,No,13-02-2016 17:05,No,,Provisioning-Network,Provisioning-Network,13-02-2016 19:05
NCCM_55234,NORMAL,BTNCCM,IN PROGRESS,NCCM_BM_Tx_ReviewAndClose,AFating,Provisioning-Network,,No,13-02-2016 18:48,No,,Provisioning-Network,Provisioning-Network,17-03-2016 03:33
NCCM_55238,NORMAL,BINCCM,IN PROGRESS,NCCM_BM_IP_UpdateCramerCLR,paresh.pawar,SOC-IP,,No,15-02-2016 10:31,No,,Provisioning-Network,Provisioning-Network,20-02-2016 18:33
NCCM_55239,NORMAL,BINCCM,IN PROGRESS,NCCM_BM_IP_UpdateCramerCLR,paresh.pawar,SOC-IP,,No,15-02-2016 10:35,No,,Provisioning-Network,Provisioning-Network,16-02-2016 12:28
NCCM_55240,NORMAL,PINCNCCM,IN PROGRESS,NCCM_PC_INC_ReviewAndCloseOrder,singh.amit,ESOC,25397340691,No,15-02-2016 11:45,No,,ESOC,ESOC,20-02-2016 13:33
NCCM_55244,NORMAL,BTNCCM,IN PROGRESS,NCCM_BM_Tx_ConfigureTxServiceInPEWindow,ISInamda,Provisioning-Network,,No,15-02-2016 14:00,No,,CM-Transport,CM-Transport,15-02-2016 14:01
NCCM_55246,NORMAL,PINCNCCM,IN PROGRESS,NCCM_PC_INC_RaiseCR,singh.amit,ESOC,091BENG1143007734611,No,15-02-2016 14:38,Yes,,ESOC,ESOC,29-02-2016 15:33
NCCM_57100,NORMAL,BTNCCM,IN PROGRESS,NCCM_BM_Tx_ReviewAndClose,AzanSidd,Provisioning-Network,,No,14-03-2016 15:13,No,,Provisioning-Network,Provisioning-Network,16-03-2016 05:25
NCCM_57062,NORMAL,PGICCNCCM,IN PROGRESS,NCCM_PC_GIC_ConfigureCircuit,paresh.pawar,SOC-IP,1295316096,No,14-03-2016 09:31,No,,CM-IP-Enterprise,CM-IP-Enterprise,14-03-2016 09:39
NCCM_57063,NORMAL,PGICCNCCM,IN PROGRESS,NCCM_PC_GIC_ConfigureCircuit,paresh.pawar,SOC-IP,10408295316094,No,14-03-2016 09:40,No,,CM-IP-Enterprise,CM-IP-Enterprise,14-03-2016 09:42
NCCM_57064,NORMAL,PGICCNCCM,IN PROGRESS,NCCM_PC_GIC_ConfigureCircuit,paresh.pawar,SOC-IP,10213295316095,No,14-03-2016 09:44,No,,CM-IP-Enterprise,CM-IP-Enterprise,14-03-2016 09:46
NCCM_36547,CAESE,PINCNCCM,Ceased,,singh.amit,,1131250968,No,12-01-2015 13:43,No,,,,
NCCM_38588,NORMAL,PINCNCCM,IN PROGRESS,NCCM_PC_INC_ReviewAndCloseOrder,manisha.sharma,ESOC,1167236587,No,09-03-2015 21:01,No,,ESOC,ESOC,15-05-2015 18:30
NCCM_57065,NORMAL,PGICCNCCM,IN PROGRESS,NCCM_PC_GIC_ConfigureCircuit,paresh.pawar,SOC-IP,10212295316097,No,14-03-2016 09:47,No,,CM-IP-Enterprise,CM-IP-Enterprise,14-03-2016 09:49
NCCM_57066,NORMAL,PGICCNCCM,IN PROGRESS,NCCM_PC_GIC_ConfigureCircuit,paresh.pawar,SOC-IP,1295316098,No,14-03-2016 09:50,No,,CM-IP-Enterprise,CM-IP-Enterprise,14-03-2016 09:51
NCCM_36522,NORMAL,BTNCCM,CLOSED,,sadvitot,Provisioning-Network,,No,12-01-2015 12:06,No,,,,
NCCM_36429,NORMAL,BINCCM,IN PROGRESS,NCCM_BM_IP_ScheduleDateForBulkMigration,prashanth.shet,IP-Field-Ops-Bangalore,,No,08-01-2015 14:39,No,,IP-Field-Ops-Bangalore,IP-Field-Ops-Bangalore,13-01-2015 00:00
NCCM_37781,NORMAL,BINCCM,IN PROGRESS,NCCM_BM_IP_ScheduleDateForBulkMigration,KKumari,SOC-IP,,No,16-02-2015 10:04,No,,SOC-IP,SOC-IP,19-02-2015 10:19
NCCM_51815,NORMAL,PINCNCCM,IN PROGRESS,NCCM_PC_INC_GetExistingCLRJeopardy,singh.amit,ESOC,2P300414,No,15-12-2015 12:46,No,,SD-CNOC,SD-CNOC,19-01-2016 18:28
NCCM_36431,NORMAL,BTNCCM,IN PROGRESS,NCCM_BM_Tx_ReviewAndClose,omprakash.kore,Provisioning-Network,,No,08-01-2015 15:04,No,,Provisioning-Network,Provisioning-Network,03-02-2015 16:04
NCCM_38054,NORMAL,BINCCM,IN PROGRESS,NCCM_BM_IP_ScheduleDateForBulkMigration,KKumari,SOC-IP,,No,23-02-2015 11:43,No,,SOC-IP,SOC-IP,23-02-2015 17:19
NCCM_36962,NORMAL,BTNCCM,IN PROGRESS,NCCM_BM_Tx_ConfigureTxServiceInPEWindow,SupriKat,Provisioning-Network,,No,26-01-2015 11:09,No,,CM-Transport,CM-Transport,26-01-2015 11:11
NCCM_38561,CEASE,BINCCM,Ceased,,KKumari,SOC-IP,,No,09-03-2015 10:20,No,,,,
NCCM_36751,NORMAL,PINCNCCM,IN PROGRESS,,singh.amit,,091GURG1143009103557,No,19-01-2015 13:13,No,,,,
NCCM_37519,NORMAL,PINCNCCM,CLOSED,,d.sharma,ESOC,091BENG1143006701889,No,09-02-2015 19:00,No,,,,
NCCM_37963,NORMAL,BTNCCM,IN PROGRESS,NCCM_BM_Tx_ConfigureTxServiceInPEWindow,JKathare,Provisioning-Network,,No,20-02-2015 16:14,No,,CM-Transport,CM-Transport,20-02-2015 16:18
NCCM_57067,NORMAL,PGICCNCCM,IN PROGRESS,NCCM_PC_GIC_ConfigureCircuit,paresh.pawar,SOC-IP,1295316099,No,14-03-2016 09:52,No,,CM-IP-Enterprise,CM-IP-Enterprise,14-03-2016 09:55
NCCM_38021,NORMAL,BTNCCM,IN PROGRESS,NCCM_BM_Tx_ReviewAndClose,AFating,Provisioning-Network,,No,22-02-2015 10:28,No,,Provisioning-Network,Provisioning-Network,11-06-2015 12:28
NCCM_36529,NORMAL,PITGISNCCM,IN PROGRESS,NCCM_PITGIS_RaiseChangeRequest,singh.amit,PMG,091GURG030007433240,No,12-01-2015 12:39,No,,PMG,PMG,12-01-2015 12:40
NCCM_38022,NORMAL,PINCNCCM,IN PROGRESS,NCCM_PC_INC_ReviewAndCloseOrder,nitin.dabhade,ESOC,22100172605,No,22-02-2015 13:11,No,,ESOC,ESOC,10-03-2015 18:31
NCCM_38761,NORMAL,PINCNCCM,IN PROGRESS,NCCM_PC_INC_AnalyzeReqAndMentionSch,manisha.sharma,ESOC,20128268872,No,16-03-2015 13:04,Yes,,Provisioning-Network,Provisioning-Network,30-09-2015 11:26
NCCM_42468,NORMAL,PINCNCCM,IN PROGRESS,NCCM_PC_INC_ReviewAndCloseOrder,KJamdade,,2231301146,No,25-06-2015 12:22,No,,MAN Field Ops-New Delhi,MAN Field Ops-New Delhi,26-09-2015 06:32
NCCM_36532,NORMAL,PINCNCCM,IN PROGRESS,,singh.amit,,091GURG030007433240,No,12-01-2015 12:52,No,,,,
NCCM_38055,NORMAL,PINCNCCM,IN PROGRESS,NCCM_PC_INC_RaiseCR,singh.amit,,091MUMB623007437542,No,23-02-2015 13:12,Yes,,ESOC,ESOC,08-03-2015 17:51
NCCM_38565,NORMAL,PITGISNCCM,IN PROGRESS,NCCM_PITGIS_UpdateConcord,t.muraleekrishna,IP-Field-Ops-Chennai,4431208780,No,09-03-2015 10:53,No,,SOC-IP,SOC-IP,09-03-2015 11:37
NCCM_36722,NORMAL,PITGISNCCM,IN PROGRESS,NCCM_PITGIS_RaiseChangeRequest,ajini.paul,IP-Field-Ops-Ernakulam,091KOCH030003872572,No,19-01-2015 11:20,No,,IP-Field-Ops-Ernakulam,IP-Field-Ops-Ernakulam,19-01-2015 11:21
NCCM_36725,NORMAL,BINCCM,IN PROGRESS,NCCM_BM_IP_VerifyBulkMigrationTemplate,ashish.anturkar,IP-Field-Ops-Pune,,No,19-01-2015 11:41,No,,SOC-IP,SOC-IP,19-01-2015 11:45
NCCM_36726,NORMAL,BINCCM,IN PROGRESS,NCCM_BM_IP_VerifyBulkMigrationTemplate,jayaprasad.k,IP-Field-Ops-Hyderabad,,No,19-01-2015 11:45,No,,SOC-IP,SOC-IP,19-01-2015 11:47
NCCM_36727,NORMAL,BINCCM,IN PROGRESS,NCCM_BM_IP_VerifyBulkMigrationTemplate,jayaprasad.k,IP-Field-Ops-Hyderabad,,No,19-01-2015 11:48,No,,SOC-IP,SOC-IP,19-01-2015 11:59
NCCM_39521,NORMAL,BINCCM,IN PROGRESS,NCCM_BM_IP_ScheduleDateForBulkMigration,KKumari,SOC-IP,,No,13-04-2015 08:47,No,,SOC-IP,SOC-IP,13-04-2015 11:23
NCCM_36732,NORMAL,PITGISNCCM,IN PROGRESS,NCCM_PITGIS_TakeDowntimeAndSchedule,jayaprasad.k,IP-Field-Ops-Hyderabad,4031218488,No,19-01-2015 12:01,No,,IP-Field-Ops-Hyderabad,IP-Field-Ops-Hyderabad,19-01-2015 12:22
NCCM_38803,NORMAL,PINCNCCM,IN PROGRESS,NCCM_PC_INC_RaiseCR,psalokhe,ESOC,091MUMB1258007357103,No,18-03-2015 08:50,No,,ESOC,ESOC,18-03-2015 08:53
NCCM_36728,NORMAL,BTNCCM,IN PROGRESS,NCCM_BM_Tx_ReviewAndClose,hemant.pawar,Provisioning-Network,,No,19-01-2015 11:56,No,,Provisioning-Network,Provisioning-Network,19-01-2015 13:24
NCCM_37463,CEASE,URINNCCM,Ceased,,snadre,ESOC,091CHEN515008176574,No,09-02-2015 04:41,No,,,,
NCCM_57068,NORMAL,BINCCM,IN PROGRESS,NCCM_BM_IP_UpdateCramerCLR,paresh.pawar,SOC-IP,,No,14-03-2016 09:54,No,,Provisioning-Network,Provisioning-Network,20-03-2016 12:53
NCCM_38808,CEASE,PINCNCCM,Ceased,,psalokhe,ESOC,091MUMB1258007357103,No,18-03-2015 09:27,No,,,,
NCCM_37782,CEASE,URINNCCM,Ceasing,UndoNCCM_UR_IN_ValidateOrder,psalokhe,ESOC,091MUMB1143010183338,No,16-02-2015 10:08,No,,ESOC,ESOC,16-02-2015 12:59
NCCM_38289,NORMAL,URINNCCM,IN PROGRESS,NCCM_UR_IN_ReviewCR,snadre,ESOC,20183267786,No,02-03-2015 11:53,No,,ESOC,ESOC,08-06-2015 18:09
NCCM_57070,NORMAL,BINCCM,IN PROGRESS,NCCM_BM_IP_UpdateCramerCLR,paresh.pawar,SOC-IP,,No,14-03-2016 09:58,No,,Provisioning-Network,Provisioning-Network,14-03-2016 17:38
NCCM_37464,NORMAL,URINNCCM,CLOSED,,snadre,ESOC,091CHEN515008176574,No,09-02-2015 04:48,No,,,,
NCCM_37467,NORMAL,BINCCM,CLOSED,,KKumari,SOC-IP,,No,09-02-2015 10:20,No,,,,
NCCM_38290,NORMAL,BINCCM,IN PROGRESS,NCCM_BM_IP_ScheduleDateForBulkMigration,KKumari,SOC-IP,,No,02-03-2015 12:39,No,,SOC-IP,SOC-IP,09-03-2015 15:03
NCCM_38810,NORMAL,BTNCCM,IN PROGRESS,NCCM_BM_Tx_ReviewAndClose,AFating,Provisioning-Network,,No,18-03-2015 11:28,No,,Provisioning-Network,Provisioning-Network,02-04-2015 19:11
NCCM_51402,NORMAL,PGICCNCCM,IN PROGRESS,NCCM_PC_GIC_ScheduleImplementation,paresh.pawar,SOC-IP,091BENG030003433461,No,08-12-2015 15:30,No,,SOC-IP,SOC-IP,08-12-2015 18:16
NCCM_51404,NORMAL,BTNCCM,IN PROGRESS,NCCM_BM_Tx_ReviewAndClose,AzanSidd,Provisioning-Network,,No,08-12-2015 15:49,No,,Provisioning-Network,Provisioning-Network,09-12-2015 19:41
NCCM_38811,NORMAL,BTNCCM,IN PROGRESS,NCCM_BM_Tx_ReviewAndClose,AFating,Provisioning-Network,,No,18-03-2015 11:33,No,,Provisioning-Network,Provisioning-Network,07-06-2015 05:32
NCCM_38823,NORMAL,BTNCCM,CLOSED,,sadvitot,Provisioning-Network,,No,18-03-2015 14:16,No,,,,
NCCM_39001,NORMAL,BTNCCM,CLOSED,,SupriKat,Provisioning-Network,,No,23-03-2015 11:17,No,,,,
NCCM_51405,NORMAL,BTNCCM,IN PROGRESS,NCCM_BM_Tx_ReviewAndClose,AzanSidd,Provisioning-Network,,No,08-12-2015 15:52,No,,Provisioning-Network,Provisioning-Network,09-12-2015 19:40
NCCM_51408,NORMAL,PINCNCCM,IN PROGRESS,NCCM_PC_INC_ReviewAndCloseOrder,singh.amit,ESOC,091PATN1143011986880,No,08-12-2015 15:54,No,,ESOC,ESOC,05-02-2016 16:47
NCCM_57072,NORMAL,BINCCM,IN PROGRESS,NCCM_BM_IP_UpdateCramerCLR,paresh.pawar,SOC-IP,,No,14-03-2016 10:10,No,,Provisioning-Network,Provisioning-Network,15-03-2016 16:26
NCCM_39002,NORMAL,BINCCM,IN PROGRESS,NCCM_BM_IP_ScheduleDateForBulkMigration,KKumari,SOC-IP,,No,23-03-2015 11:33,No,,SOC-IP,SOC-IP,26-03-2015 11:23
NCCM_37470,CEASE,URIGPSNCCM,Ceased,,paresh.pawar,SOC-IP,091MUMB623007730874,No,09-02-2015 11:19,No,,,,
NCCM_39226,NORMAL,BTNCCM,IN PROGRESS,NCCM_BM_Tx_ConfigureTxServiceInPEWindow,AFating,Provisioning-Network,,No,30-03-2015 10:38,No,,CM-Transport,CM-Transport,30-03-2015 10:44
NCCM_51816,NORMAL,PINCNCCM,IN PROGRESS,NCCM_PC_INC_GetExistingCLRJeopardy,singh.amit,ESOC,89P210911,No,15-12-2015 12:47,No,,SD-CNOC,SD-CNOC,19-01-2016 18:29
NCCM_57074,NORMAL,BTNCCM,IN PROGRESS,NCCM_BM_Tx_ReviewAndClose,AzanSidd,Provisioning-Network,,No,14-03-2016 10:27,No,,Provisioning-Network,Provisioning-Network,14-03-2016 18:56
NCCM_39227,NORMAL,BINCCM,CLOSED,,KKumari,SOC-IP,,No,30-03-2015 10:58,No,,,,
NCCM_36432,NORMAL,PGICCNCCM,IN PROGRESS,NCCM_PC_GIC_ConfigureCircuit,paresh.pawar,SOC-IP,091JAIP623008041394,No,08-01-2015 15:17,No,,CM-IP-Enterprise,CM-IP-Enterprise,08-01-2015 15:24
NCCM_38568,NORMAL,PGICCNCCM,IN PROGRESS,NCCM_PC_GIC_ScheduleImplementation,paresh.pawar,SOC-IP,091BENG030011685256 ,No,09-03-2015 12:17,No,,SOC-IP,SOC-IP,09-03-2015 12:18
NCCM_37476,NORMAL,URINNCCM,CLOSED,,nitin.dabhade,ESOC,091MUMB1143006880400,No,09-02-2015 13:29,No,,,,
NCCM_57073,NORMAL,BTNCCM,IN PROGRESS,NCCM_BM_Tx_ReviewAndClose,ISInamda,Provisioning-Network,,No,14-03-2016 10:27,No,,Provisioning-Network,Provisioning-Network,18-03-2016 04:47
NCCM_36704,NORMAL,PGICCNCCM,IN PROGRESS,NCCM_PC_GIC_ConfigureCircuit,paresh.pawar,SOC-IP,8031159865,No,18-01-2015 19:17,No,,CM-IP-Enterprise,CM-IP-Enterprise,18-01-2015 19:19
NCCM_36276,NORMAL,PGICCNCCM,IN PROGRESS,NCCM_PC_GIC_ConfigureCircuit,paresh.pawar,SOC-IP,091MUMB623006952215,No,01-01-2015 16:42,No,,CM-IP-Enterprise,CM-IP-Enterprise,01-01-2015 16:45
NCCM_36277,NORMAL,PGICCNCCM,IN PROGRESS,NCCM_PC_GIC_ScheduleImplementation,paresh.pawar,SOC-IP,2231252611,No,01-01-2015 16:45,No,,SOC-IP,SOC-IP,01-01-2015 16:47
NCCM_36278,NORMAL,PGICCNCCM,IN PROGRESS,NCCM_PC_GIC_ConfigureCircuit,paresh.pawar,SOC-IP,2231252613,No,01-01-2015 16:50,No,,CM-IP-Enterprise,CM-IP-Enterprise,01-01-2015 16:53
NCCM_36280,NORMAL,PGICCNCCM,IN PROGRESS,NCCM_PC_GIC_ConfigureCircuit,paresh.pawar,SOC-IP,203159266,No,02-01-2015 11:19,No,,CM-IP-Enterprise,CM-IP-Enterprise,02-01-2015 11:21
NCCM_36281,NORMAL,PGICCNCCM,IN PROGRESS,NCCM_PC_GIC_ConfigureCircuit,paresh.pawar,SOC-IP,203159219,No,02-01-2015 11:21,No,,CM-IP-Enterprise,CM-IP-Enterprise,02-01-2015 11:24
NCCM_36282,NORMAL,PGICCNCCM,IN PROGRESS,NCCM_PC_GIC_ConfigureCircuit,paresh.pawar,SOC-IP,203159271,No,02-01-2015 11:24,No,,CM-IP-Enterprise,CM-IP-Enterprise,02-01-2015 11:26
NCCM_36283,NORMAL,BTNCCM,CLOSED,,ISInamda,Provisioning-Network,,No,02-01-2015 12:38,No,,,,
NCCM_36284,NORMAL,BTNCCM,CLOSED,,omprakash.kore,Provisioning-Network,,No,02-01-2015 13:27,No,,,,
NCCM_36285,NORMAL,BTNCCM,CLOSED,,sadvitot,Provisioning-Network,,No,02-01-2015 13:40,No,,,,
NCCM_36286,NORMAL,PGICCNCCM,IN PROGRESS,NCCM_PC_GIC_ConfigureCircuit,paresh.pawar,SOC-IP,1131258408,No,02-01-2015 14:37,No,,CM-IP-Enterprise,CM-IP-Enterprise,02-01-2015 14:42
NCCM_36287,NORMAL,BTNCCM,IN PROGRESS,NCCM_BM_Tx_ScheduleBulkMigration,bikramjit.singh,PMG,,No,02-01-2015 14:42,No,,PMG,PMG,16-02-2015 17:58
NCCM_36288,NORMAL,PGICCNCCM,IN PROGRESS,NCCM_PC_GIC_ConfigureCE,manoj.ingule,SOC-IP,NA,No,02-01-2015 15:43,No,,SOC-IP,SOC-IP,02-01-2015 15:54
NCCM_36288,NORMAL,PGICCNCCM,IN PROGRESS,NCCM_PC_GIC_ConfigureCircuit,manoj.ingule,SOC-IP,NA,No,02-01-2015 15:43,No,,CM-IP-Enterprise,CM-IP-Enterprise,02-01-2015 15:54
NCCM_36289,NORMAL,PGICCNCCM,IN PROGRESS,NCCM_PC_GIC_ConfigureCE,manoj.ingule,SOC-IP,NA,No,02-01-2015 15:46,No,,SOC-IP,SOC-IP,02-01-2015 15:58
NCCM_36289,NORMAL,PGICCNCCM,IN PROGRESS,NCCM_PC_GIC_ConfigureCircuit,manoj.ingule,SOC-IP,NA,No,02-01-2015 15:46,No,,CM-IP-Enterprise,CM-IP-Enterprise,02-01-2015 16:08
NCCM_36291,NORMAL,PGICCNCCM,IN PROGRESS,NCCM_PC_GIC_ConfigureCircuit,manoj.ingule,SOC-IP,NA,No,02-01-2015 15:48,No,,CM-IP-Enterprise,CM-IP-Enterprise,02-01-2015 16:00
NCCM_36291,NORMAL,PGICCNCCM,IN PROGRESS,NCCM_PC_GIC_ConfigureCE,manoj.ingule,SOC-IP,NA,No,02-01-2015 15:48,No,,SOC-IP,SOC-IP,02-01-2015 16:03
NCCM_36292,NORMAL,PGICCNCCM,IN PROGRESS,NCCM_PC_GIC_ConfigureCE,manoj.ingule,SOC-IP,NA,No,02-01-2015 15:49,No,,SOC-IP,SOC-IP,02-01-2015 15:58
NCCM_36292,NORMAL,PGICCNCCM,IN PROGRESS,NCCM_PC_GIC_ConfigureCircuit,manoj.ingule,SOC-IP,NA,No,02-01-2015 15:49,No,,CM-IP-Enterprise,CM-IP-Enterprise,02-01-2015 15:58
NCCM_36293,NORMAL,PGICCNCCM,IN PROGRESS,NCCM_PC_GIC_ConfigureCE,manoj.ingule,SOC-IP,NA,No,02-01-2015 15:50,No,,SOC-IP,SOC-IP,02-01-2015 16:02
NCCM_36293,NORMAL,PGICCNCCM,IN PROGRESS,NCCM_PC_GIC_ConfigureCircuit,manoj.ingule,SOC-IP,NA,No,02-01-2015 15:50,No,,CM-IP-Enterprise,CM-IP-Enterprise,02-01-2015 16:02
NCCM_36294,NORMAL,URINNCCM,IN PROGRESS,NCCM_UR_IN_ReviewCR,shahid.kamal,SA-NOC,Huawei Patna DCN,No,02-01-2015 16:17,No,,ESOC,ESOC,04-01-2015 11:12
NCCM_36295,NORMAL,PGICCNCCM,IN PROGRESS,NCCM_PC_GIC_ConfigureCircuit,paresh.pawar,SOC-IP,091KANP030007093866,No,02-01-2015 17:38,No,,CM-IP-Enterprise,CM-IP-Enterprise,02-01-2015 17:42
NCCM_36298,NORMAL,BTNCCM,CLOSED,,SupriKat,Provisioning-Network,,No,02-01-2015 17:47,No,,,,
NCCM_36299,CEASE,BTNCCM,Ceasing,UndoNCCM_BM_Tx_UpdateCramerCLR,DeviVish,Provisioning-Network,,No,02-01-2015 17:59,No,,Provisioning-Network,Provisioning-Network,02-01-2015 18:12
NCCM_36299,CEASE,BTNCCM,Ceasing,UndoNCCM_BM_Tx_ScheduleBulkMigration,DeviVish,Provisioning-Network,,No,02-01-2015 17:59,No,,Provisioning-Network,Provisioning-Network,02-01-2015 18:12
NCCM_36300,CEASE,URIGCCNCCM,Ceased,,paresh.pawar,SOC-IP,091JAIP030006419989,No,02-01-2015 19:06,No,,,,
NCCM_36302,NORMAL,PGICCNCCM,IN PROGRESS,NCCM_PC_GIC_ScheduleImplementation,paresh.pawar,SOC-IP,091JAIP030006419989,No,02-01-2015 19:16,No,,SOC-IP,SOC-IP,05-01-2015 11:34
NCCM_36303,NORMAL,BTNCCM,IN PROGRESS,NCCM_BM_Tx_ConfigureTxServiceInPEWindow,DeviVish,Provisioning-Network,,No,02-01-2015 20:08,No,,CM-Transport,CM-Transport,02-01-2015 20:13
NCCM_36305,NORMAL,URINNCCM,IN PROGRESS,NCCM_UR_IN_ReviewCR,vsubram,ESOC,091CHEN515007429680,No,03-01-2015 00:31,No,,ESOC,ESOC,04-01-2015 11:21
NCCM_36306,NORMAL,PGICCNCCM,IN PROGRESS,NCCM_PC_GIC_ConfigureCircuit,paresh.pawar,SOC-IP,203160595,No,03-01-2015 12:30,No,,CM-IP-Enterprise,CM-IP-Enterprise,03-01-2015 12:32
NCCM_36307,NORMAL,PGICCNCCM,IN PROGRESS,NCCM_PC_GIC_ConfigureCircuit,paresh.pawar,SOC-IP,ek-t1-NNIrt02#sh int des | in 091VELL623008428399,No,03-01-2015 12:33,No,,CM-IP-Enterprise,CM-IP-Enterprise,03-01-2015 12:35
NCCM_36310,NORMAL,PGICCNCCM,IN PROGRESS,NCCM_PC_GIC_ConfigureCircuit,paresh.pawar,SOC-IP,091JALA623008413488 ,No,03-01-2015 12:39,No,,CM-IP-Enterprise,CM-IP-Enterprise,03-01-2015 12:43
NCCM_36311,CEASE,PINCNCCM,Ceased,,PoGawali,Provisioning-Network,091NEWD1258011323535,No,03-01-2015 19:00,No,,,,
NCCM_36313,NORMAL,BTNCCM,IN PROGRESS,NCCM_BM_Tx_ReviewAndClose,PoGawali,Provisioning-Network,,No,03-01-2015 19:02,No,,Provisioning-Network,Provisioning-Network,05-01-2015 23:23
NCCM_36315,NORMAL,PGICCNCCM,IN PROGRESS,NCCM_PC_GIC_ScheduleImplementation,paresh.pawar,SOC-IP,091MUKT623008422033,No,04-01-2015 09:05,No,paresh.pawar,SOC-IP,SOC-IP,04-01-2015 09:07
NCCM_36317,NORMAL,PGICCNCCM,IN PROGRESS,NCCM_PC_GIC_ScheduleImplementation,paresh.pawar,SOC-IP,091MUMB623008350610,No,04-01-2015 09:26,No,paresh.pawar,SOC-IP,SOC-IP,04-01-2015 09:27
NCCM_36320,NORMAL,PGICCNCCM,IN PROGRESS,NCCM_PC_GIC_ScheduleImplementation,paresh.pawar,SOC-IP,091NEWD623007952279,No,04-01-2015 09:32,No,paresh.pawar,SOC-IP,SOC-IP,04-01-2015 09:33
NCCM_36321,CEASE,BINCCM,Ceased,,paresh.pawar,SOC-IP,,No,04-01-2015 10:22,No,,,,
NCCM_36323,NORMAL,BINCCM,IN PROGRESS,NCCM_BM_IP_VerifyBulkMigrationTemplate,paresh.pawar,SOC-IP,,No,04-01-2015 10:48,No,paresh.pawar,SOC-IP,SOC-IP,04-01-2015 10:58
NCCM_36324,CEASE,BTNCCM,Ceasing,UndoNCCM_BM_Tx_UpdateCramerCLR,DeviVish,Provisioning-Network,,No,04-01-2015 14:11,No,,Provisioning-Network,Provisioning-Network,04-01-2015 14:25
NCCM_36324,CEASE,BTNCCM,Ceasing,UndoNCCM_BM_Tx_ScheduleBulkMigration,DeviVish,Provisioning-Network,,No,04-01-2015 14:11,No,,Provisioning-Network,Provisioning-Network,04-01-2015 14:25
NCCM_36325,NORMAL,PGICCNCCM,IN PROGRESS,NCCM_PC_GIC_ScheduleImplementation,paresh.pawar,SOC-IP,091DELH623007626999,No,05-01-2015 09:13,No,paresh.pawar,SOC-IP,SOC-IP,05-01-2015 09:14
NCCM_36326,NORMAL,PGICCNCCM,IN PROGRESS,NCCM_PC_GIC_ScheduleImplementation,paresh.pawar,SOC-IP,091VIDI623008428663,No,05-01-2015 09:16,No,paresh.pawar,SOC-IP,SOC-IP,05-01-2015 09:17
NCCM_36327,NORMAL,PGICCNCCM,IN PROGRESS,NCCM_PC_GIC_ScheduleImplementation,paresh.pawar,SOC-IP,091MUMB623006478547,No,05-01-2015 09:19,No,paresh.pawar,SOC-IP,SOC-IP,05-01-2015 09:20
NCCM_36328,CAESE,PINCNCCM,Ceased,,nitin.dabhade,ESOC,091MUMB1143010666847,No,05-01-2015 11:23,No,,,,
NCCM_36330,NORMAL,URINNCCM,IN PROGRESS,NCCM_UR_IN_RaiseCR,nitin.dabhade,ESOC,091GURG005010918711 ,No,05-01-2015 11:43,Yes,,ESOC,ESOC,28-01-2015 11:13
NCCM_36332,NORMAL,PGICCNCCM,IN PROGRESS,NCCM_PC_GIC_ConfigureCircuit,paresh.pawar,SOC-IP,091HYDE623010758889,No,05-01-2015 12:35,No,,CM-IP-Enterprise,CM-IP-Enterprise,05-01-2015 12:37
NCCM_36333,NORMAL,PGICCNCCM,IN PROGRESS,NCCM_PC_GIC_ReviewCR,paresh.pawar,SOC-IP,091NASH623005717937,No,05-01-2015 12:40,No,,SOC-IP,SOC-IP,05-01-2015 23:06
NCCM_36334,NORMAL,BTNCCM,CLOSED,,sadvitot,Provisioning-Network,,No,05-01-2015 13:38,No,,,,
NCCM_36335,NORMAL,BTNCCM,CLOSED,,sadvitot,Provisioning-Network,,No,05-01-2015 14:11,No,,,,
NCCM_36338,NORMAL,BTNCCM,IN PROGRESS,NCCM_BM_Tx_ReviewAndClose,DeviVish,Provisioning-Network,,No,05-01-2015 16:12,No,,Provisioning-Network,Provisioning-Network,06-01-2015 01:27
NCCM_36339,NORMAL,PGICCNCCM,IN PROGRESS,NCCM_PC_GIC_ConfigureCircuit,paresh.pawar,SOC-IP,091KANC623010497941,No,05-01-2015 16:33,No,,CM-IP-Enterprise,CM-IP-Enterprise,05-01-2015 16:35
NCCM_36340,NORMAL,PINCNCCM,IN PROGRESS,NCCM_PC_INC_ActivityGoAhead,singh.amit,,091MUMB1143010580414,No,05-01-2015 16:47,No,,SD-CNOC,SD-CNOC,14-01-2015 11:39
NCCM_36342,NORMAL,PGICCNCCM,IN PROGRESS,NCCM_PC_GIC_ConfigureCircuit,paresh.pawar,SOC-IP,333100875,No,05-01-2015 16:49,No,,CM-IP-Enterprise,CM-IP-Enterprise,05-01-2015 18:59
NCCM_36344,NORMAL,PGICCNCCM,IN PROGRESS,NCCM_PC_GIC_ScheduleImplementation,paresh.pawar,SOC-IP,091GURG030011087087,No,05-01-2015 17:26,No,paresh.pawar,SOC-IP,SOC-IP,05-01-2015 18:33
NCCM_36343,NORMAL,PINCNCCM,IN PROGRESS,NCCM_setCLRErrorTask,ganesh.shejawal,ESOC,091CHEN1143007939070,No,05-01-2015 17:18,No,DeviVish,Provisioning-Network,Provisioning-Network,06-01-2015 14:11
NCCM_36345,NORMAL,BTNCCM,IN PROGRESS,NCCM_BM_Tx_ReviewAndClose,DeviVish,Provisioning-Network,,No,05-01-2015 17:50,No,,Provisioning-Network,Provisioning-Network,06-01-2015 01:29
NCCM_36346,NORMAL,PGICCNCCM,IN PROGRESS,NCCM_PC_GIC_ConfigureCircuit,paresh.pawar,SOC-IP,091CHEN623009548128,No,05-01-2015 17:56,No,,CM-IP-Enterprise,CM-IP-Enterprise,05-01-2015 18:01
NCCM_36347,NORMAL,PGICCNCCM,IN PROGRESS,NCCM_PC_GIC_ConfigureCircuit,paresh.pawar,SOC-IP,091PALA623008416642,No,06-01-2015 08:13,No,,CM-IP-Enterprise,CM-IP-Enterprise,06-01-2015 08:15
NCCM_36348,NORMAL,PGICCNCCM,IN PROGRESS,NCCM_PC_GIC_ConfigureCircuit,paresh.pawar,SOC-IP,091ANAN623005972384,No,06-01-2015 08:17,No,,CM-IP-Enterprise,CM-IP-Enterprise,06-01-2015 08:25
NCCM_36349,NORMAL,PGICCNCCM,IN PROGRESS,NCCM_PC_GIC_ConfigureCircuit,paresh.pawar,SOC-IP,091JHAN623005351541,No,06-01-2015 08:26,No,,CM-IP-Enterprise,CM-IP-Enterprise,06-01-2015 08:38
NCCM_36350,NORMAL,PGICCNCCM,IN PROGRESS,NCCM_PC_GIC_ConfigureCircuit,paresh.pawar,SOC-IP,2231253211,No,06-01-2015 09:56,No,,CM-IP-Enterprise,CM-IP-Enterprise,06-01-2015 10:00
NCCM_36352,NORMAL,PGICCNCCM,IN PROGRESS,NCCM_PC_GIC_RaiseCR,paresh.pawar,SOC-IP,060SHAH623007891139,No,06-01-2015 10:51,Yes,,SOC-IP,SOC-IP,08-01-2015 13:00
NCCM_36353,NORMAL,PGICCNCCM,IN PROGRESS,NCCM_PC_GIC_RaiseCR,paresh.pawar,SOC-IP,091PUNE623006194611,No,06-01-2015 10:52,Yes,,SOC-IP,SOC-IP,08-01-2015 14:01
NCCM_36354,NORMAL,PGICCNCCM,IN PROGRESS,NCCM_PC_GIC_RaiseCR,paresh.pawar,SOC-IP,091NAGP623006194759,No,06-01-2015 10:53,Yes,,SOC-IP,SOC-IP,15-01-2015 17:44
NCCM_36355,NORMAL,BINCCM,IN PROGRESS,NCCM_BM_IP_ConfigureIPService,RAJKUMAR.YADAV,IP-Field-Ops-Delhi,,No,06-01-2015 11:17,No,,CM-IP-Enterprise,CM-IP-Enterprise,19-01-2015 11:10
NCCM_57075,NORMAL,BTNCCM,IN PROGRESS,NCCM_BM_Tx_ReviewAndClose,ISInamda,Provisioning-Network,,No,14-03-2016 10:56,No,,Provisioning-Network,Provisioning-Network,14-03-2016 11:56
NCCM_36357,NORMAL,PGICCNCCM,IN PROGRESS,NCCM_PC_GIC_ConfigureCircuit,paresh.pawar,SOC-IP,091NASH623005717937,No,06-01-2015 11:23,No,,CM-IP-Enterprise,CM-IP-Enterprise,06-01-2015 11:25
NCCM_36356,CEASE,BTNCCM,Ceasing,UndoNCCM_BM_Tx_ScheduleBulkMigration,DeviVish,Provisioning-Network,,No,06-01-2015 11:21,No,,Provisioning-Network,Provisioning-Network,06-01-2015 11:40
NCCM_36356,CEASE,BTNCCM,Ceasing,UndoNCCM_BM_Tx_UpdateCramerCLR,DeviVish,Provisioning-Network,,No,06-01-2015 11:21,No,,Provisioning-Network,Provisioning-Network,06-01-2015 11:40
NCCM_36358,CEASE,BTNCCM,Ceasing,UndoNCCM_BM_Tx_UpdateCramerCLR,DeviVish,Provisioning-Network,,No,06-01-2015 12:02,No,,Provisioning-Network,Provisioning-Network,06-01-2015 12:17
NCCM_36360,NORMAL,BINCCM,IN PROGRESS,NCCM_BM_IP_ScheduleDateForBulkMigration,KKumari,SOC-IP,,No,06-01-2015 12:15,No,,SOC-IP,SOC-IP,08-01-2015 11:28
NCCM_36361,CEASE,BTNCCM,Ceasing,UndoNCCM_BM_Tx_UpdateCramerCLR,DeviVish,Provisioning-Network,,No,06-01-2015 12:19,No,,Provisioning-Network,Provisioning-Network,06-01-2015 12:26
NCCM_36361,CEASE,BTNCCM,Ceasing,UndoNCCM_BM_Tx_ScheduleBulkMigration,DeviVish,Provisioning-Network,,No,06-01-2015 12:19,No,,Provisioning-Network,Provisioning-Network,06-01-2015 12:26
NCCM_36364,NORMAL,BTNCCM,CLOSED,,santpati,Provisioning-Network,,No,06-01-2015 12:25,No,,,,
NCCM_36368,NORMAL,BTNCCM,CLOSED,,SakArora,Provisioning-Network,,No,06-01-2015 13:29,No,,,,
NCCM_36369,NORMAL,BTNCCM,IN PROGRESS,NCCM_BM_Tx_ScheduleBulkMigration,bikramjit.singh,PMG,,No,06-01-2015 14:44,No,,PMG,PMG,27-03-2015 15:35
NCCM_36370,NORMAL,BINCCM,CLOSED,,KKumari,SOC-IP,,No,06-01-2015 15:44,No,,,,
NCCM_36371,NORMAL,BTNCCM,IN PROGRESS,NCCM_BM_Tx_RaiseChangeRequestType,PoGawali,Provisioning-Network,,No,06-01-2015 16:10,Yes,,Provisioning-Network,Provisioning-Network,07-01-2015 16:53
NCCM_36372,NORMAL,BTNCCM,CLOSED,,DeviVish,Provisioning-Network,,No,06-01-2015 16:25,No,,,,
NCCM_36373,NORMAL,BTNCCM,IN PROGRESS,NCCM_BM_Tx_ConfigureTxServiceInPEWindow,omprakash.kore,Provisioning-Network,,No,06-01-2015 17:03,No,,CM-Transport,CM-Transport,06-01-2015 17:07
NCCM_36374,NORMAL,BTNCCM,IN PROGRESS,NCCM_BM_Tx_ConfigureTxServiceInPEWindow,SupriKat,Provisioning-Network,,No,06-01-2015 17:11,No,,CM-Transport,CM-Transport,06-01-2015 17:15
NCCM_36375,NORMAL,BTNCCM,CLOSED,,SupriKat,Provisioning-Network,,No,06-01-2015 19:04,No,,,,
NCCM_36376,NORMAL,BTNCCM,IN PROGRESS,NCCM_BM_Tx_ReviewAndClose,ramkumar.v,Provisioning-Network,,No,06-01-2015 19:49,No,,Provisioning-Network,Provisioning-Network,14-01-2015 19:27
NCCM_36378,NORMAL,PGICCNCCM,IN PROGRESS,NCCM_PC_GIC_ScheduleImplementation,paresh.pawar,SOC-IP,091GURG030011087087,No,07-01-2015 05:09,No,paresh.pawar,SOC-IP,SOC-IP,07-01-2015 05:11
NCCM_36379,NORMAL,PGICCNCCM,IN PROGRESS,NCCM_PC_GIC_ConfigureCircuit,paresh.pawar,SOC-IP,091PATI623007867869,No,07-01-2015 08:04,No,,CM-IP-Enterprise,CM-IP-Enterprise,07-01-2015 08:07
NCCM_36380,NORMAL,PGICCNCCM,IN PROGRESS,NCCM_PC_GIC_ConfigureCircuit,paresh.pawar,SOC-IP,403171805,No,07-01-2015 08:15,No,,CM-IP-Enterprise,CM-IP-Enterprise,07-01-2015 08:19
NCCM_36381,NORMAL,PGICCNCCM,IN PROGRESS,NCCM_PC_GIC_ConfigureCircuit,paresh.pawar,SOC-IP,091NEWD623008800145,No,07-01-2015 08:23,No,,CM-IP-Enterprise,CM-IP-Enterprise,07-01-2015 08:26
NCCM_36386,NORMAL,URINNCCM,IN PROGRESS,NCCM_UR_IN_ReviewCR,kiraghav,SA-NOC,091LUCK030007877290_233614_oRIFLAMEiNDIA,No,07-01-2015 09:02,No,,ESOC,ESOC,09-01-2015 16:13
NCCM_36390,NORMAL,PINCNCCM,CLOSED,,gaurav.dodia,ESOC,091CHEN1143009663378,No,07-01-2015 10:14,No,,,,
NCCM_36395,NORMAL,PINCNCCM,IN PROGRESS,NCCM_PC_INC_RaiseCR,utkarsh.nigam,ESOC,091KOLK1143009014337,No,07-01-2015 11:12,No,utkarsh.nigam,ESOC,ESOC,07-01-2015 11:12
NCCM_36398,NORMAL,URINNCCM,IN PROGRESS,NCCM_UR_IN_ReviewCR,utkarsh.nigam,ESOC,091KOLK1143009014337,No,07-01-2015 11:16,No,,ESOC,ESOC,07-01-2015 11:44
NCCM_36399,NORMAL,URINNCCM,IN PROGRESS,NCCM_UR_IN_ReviewCR,utkarsh.nigam,ESOC,091KOLK1143009172958,No,07-01-2015 11:21,No,,ESOC,ESOC,07-01-2015 11:48
NCCM_36400,CEASE,BTNCCM,Ceased,,DeviVish,Provisioning-Network,,No,07-01-2015 14:41,No,,,,
NCCM_36401,CEASE,BTNCCM,Ceasing,UndoNCCM_BM_Tx_UpdateCramerCLR,DeviVish,Provisioning-Network,,No,07-01-2015 15:02,No,,Provisioning-Network,Provisioning-Network,07-01-2015 15:15
NCCM_36401,CEASE,BTNCCM,Ceasing,UndoNCCM_BM_Tx_ScheduleBulkMigration,DeviVish,Provisioning-Network,,No,07-01-2015 15:02,No,,Provisioning-Network,Provisioning-Network,07-01-2015 15:15
NCCM_36402,NORMAL,URINNCCM,IN PROGRESS,NCCM_UR_IN_ReviewCR,somnath.jadhav,ESOC,2231262242,No,07-01-2015 15:21,No,,ESOC,ESOC,08-01-2015 14:16
NCCM_36403,NORMAL,BTNCCM,CLOSED,,SupriKat,Provisioning-Network,,No,07-01-2015 15:43,No,,,,
NCCM_36404,NORMAL,PINCNCCM,IN PROGRESS,NCCM_PC_INC_RaiseCR,gaurav.dodia,ESOC,091CHEN1143009663378,No,07-01-2015 16:08,No,,ESOC,ESOC,07-01-2015 16:09
NCCM_36405,NORMAL,BINCCM,IN PROGRESS,NCCM_BM_IP_VerifyBulkMigrationTemplate,prashanth.shet,IP-Field-Ops-Bangalore,,No,07-01-2015 16:41,No,,SOC-IP,SOC-IP,07-01-2015 16:52
NCCM_36406,NORMAL,BINCCM,IN PROGRESS,NCCM_BM_IP_VerifyBulkMigrationTemplate,prashanth.shet,IP-Field-Ops-Bangalore,,No,07-01-2015 16:52,No,,SOC-IP,SOC-IP,07-01-2015 17:01
NCCM_36407,NORMAL,PGICCNCCM,IN PROGRESS,NCCM_PC_GIC_ConfigureCircuit,paresh.pawar,SOC-IP,091MUMB623008652509,No,07-01-2015 16:58,No,,CM-IP-Enterprise,CM-IP-Enterprise,07-01-2015 17:02
NCCM_36409,NORMAL,PGICCNCCM,IN PROGRESS,NCCM_PC_GIC_ConfigureCircuit,paresh.pawar,SOC-IP,091MUMB623009155380,No,07-01-2015 17:04,No,,CM-IP-Enterprise,CM-IP-Enterprise,07-01-2015 17:06
NCCM_36410,NORMAL,BINCCM,IN PROGRESS,NCCM_BM_IP_VerifyBulkMigrationTemplate,jayaprasad.k,IP-Field-Ops-Hyderabad,,No,07-01-2015 17:37,No,,SOC-IP,SOC-IP,07-01-2015 17:45
NCCM_36411,NORMAL,URIGPSNCCM,IN PROGRESS,NCCM_UR_IGP_VerifyCRSAAccess,paresh.pawar,SOC-IP,060SHAH623007891139,No,07-01-2015 18:09,No,,SA-ACCESS,SA-ACCESS,07-01-2015 18:14
NCCM_36413,NORMAL,PGICCNCCM,IN PROGRESS,NCCM_PC_GIC_ScheduleImplementation,paresh.pawar,SOC-IP,091CHEN030002576265,No,08-01-2015 02:35,No,paresh.pawar,SOC-IP,SOC-IP,08-01-2015 02:36
NCCM_36414,NORMAL,BTNCCM,CLOSED,,omprakash.kore,Provisioning-Network,,No,08-01-2015 07:58,No,,,,
NCCM_36415,NORMAL,BTNCCM,CLOSED,,omprakash.kore,Provisioning-Network,,No,08-01-2015 08:13,No,,,,
NCCM_36416,NORMAL,BINCCM,CLOSED,,KKumari,SOC-IP,,No,08-01-2015 10:08,No,,,,
NCCM_36418,CEASE,URIGPSNCCM,Ceasing,UndoNCCM_VerifyCRSAAccess,paresh.pawar,SOC-IP,091PUNE623006194611,No,08-01-2015 11:01,No,,SA-ACCESS,SA-ACCESS,08-01-2015 13:28
NCCM_36420,NORMAL,URIGPSNCCM,IN PROGRESS,NCCM_UR_IGP_VerifyCRSAAccess,paresh.pawar,SOC-IP,091NAGP623006194759,No,08-01-2015 11:54,No,,SA-ACCESS,SA-ACCESS,08-01-2015 11:59
NCCM_36424,NORMAL,URIGPSNCCM,IN PROGRESS,NCCM_UR_IGP_ConfigureIP,paresh.pawar,SOC-IP,091PUNE623006194572 ,No,08-01-2015 13:28,No,,CM-IP-Enterprise,CM-IP-Enterprise,08-01-2015 16:12
NCCM_36424,NORMAL,URIGPSNCCM,IN PROGRESS,NCCM_UR_IGP_ConfigureTX,paresh.pawar,SOC-IP,091PUNE623006194572 ,No,08-01-2015 13:28,No,,ESOC,ESOC,09-01-2015 12:35
NCCM_36425,CAESE,PINCNCCM,Ceased,,singh.amit,,091VARA1143010849963,No,08-01-2015 13:39,No,,,,
NCCM_36427,NORMAL,PINCNCCM,IN PROGRESS,,singh.amit,,2221263951,No,08-01-2015 13:47,No,,,,
NCCM_36430,CEASE,BTNCCM,Ceasing,UndoNCCM_BM_Tx_UpdateCramerCLR,DeviVish,Provisioning-Network,,No,08-01-2015 14:49,No,,Provisioning-Network,Provisioning-Network,08-01-2015 14:56
NCCM_36430,CEASE,BTNCCM,Ceasing,UndoNCCM_BM_Tx_ScheduleBulkMigration,DeviVish,Provisioning-Network,,No,08-01-2015 14:49,No,,Provisioning-Network,Provisioning-Network,08-01-2015 14:56
NCCM_36433,NORMAL,BTNCCM,IN PROGRESS,NCCM_BM_Tx_ReviewAndClose,sadvitot,Provisioning-Network,,No,08-01-2015 16:14,No,,Provisioning-Network,Provisioning-Network,07-05-2015 13:46
NCCM_36434,NORMAL,BINCCM,IN PROGRESS,NCCM_BM_IP_RaiseChangeRequestType,paresh.pawar,SOC-IP,,No,08-01-2015 16:21,Yes,,SOC-IP,SOC-IP,12-01-2015 18:16
NCCM_36435,NORMAL,URIGPSNCCM,IN PROGRESS,NCCM_UR_IGP_VerifyCRSAAccess,paresh.pawar,SOC-IP,4431262249,No,08-01-2015 16:33,No,,SA-ACCESS,SA-ACCESS,08-01-2015 16:52
NCCM_36436,NORMAL,BTNCCM,CLOSED,,DeviVish,Provisioning-Network,,No,08-01-2015 17:08,No,,,,
NCCM_36437,CEASE,PITGISNCCM,Ceased,,s.yakoob,IP-Field-Ops-Chennai,4431188889,No,08-01-2015 17:10,No,,,,
NCCM_36443,CEASE,PITGISNCCM,Ceased,,jignesh.gohil,IP-Field-Ops-Ahmedabad,4431188889,No,08-01-2015 17:57,No,,,,
NCCM_36445,CEASE,PITGISNCCM,Ceased,,jignesh.gohil,IP-Field-Ops-Ahmedabad,4431188889,No,08-01-2015 18:01,No,,,,
NCCM_36447,NORMAL,BTNCCM,IN PROGRESS,NCCM_BM_Tx_ConfigureTxServiceInPEWindow,omprakash.kore,Provisioning-Network,,No,08-01-2015 18:26,No,,CM-Transport,CM-Transport,08-01-2015 18:39
NCCM_36448,CEASE,PITGISNCCM,Ceased,,k.mariappan,,4431188889,No,08-01-2015 18:33,No,,,,
NCCM_36450,NORMAL,URIGPSNCCM,IN PROGRESS,NCCM_UR_IGP_ConfigureIP,paresh.pawar,SOC-IP,4431188889,No,08-01-2015 18:51,No,,CM-IP-Enterprise,CM-IP-Enterprise,08-01-2015 19:07
NCCM_36450,NORMAL,URIGPSNCCM,IN PROGRESS,NCCM_UR_IGP_ConfigureTX,paresh.pawar,SOC-IP,4431188889,No,08-01-2015 18:51,No,,ESOC,ESOC,09-01-2015 10:09
NCCM_36451,CEASE,BTNCCM,Ceasing,UndoNCCM_BM_Tx_UpdateCramerCLR,DeviVish,Provisioning-Network,,No,08-01-2015 18:51,No,,Provisioning-Network,Provisioning-Network,08-01-2015 19:01
NCCM_36451,CEASE,BTNCCM,Ceasing,UndoNCCM_BM_Tx_ScheduleBulkMigration,DeviVish,Provisioning-Network,,No,08-01-2015 18:51,No,,Provisioning-Network,Provisioning-Network,08-01-2015 19:01
NCCM_36454,NORMAL,PITGISNCCM,IN PROGRESS,NCCM_PITGIS_RaiseChangeRequest,k.mariappan,,4431188889,No,08-01-2015 19:15,No,,ESOC,ESOC,08-01-2015 19:15
NCCM_36455,NORMAL,URINNCCM,IN PROGRESS,NCCM_UR_IN_ValidateOrder,psalokhe,ESOC,091GURG1143006893961,No,09-01-2015 02:37,No,utkarsh.nigam,ESOC,ESOC,09-01-2015 02:45
NCCM_36456,NORMAL,URINNCCM,IN PROGRESS,NCCM_UR_IN_ValidateOrder,psalokhe,ESOC,091NOID1143006590166,No,09-01-2015 02:55,No,utkarsh.nigam,ESOC,ESOC,09-01-2015 02:58
NCCM_36467,NORMAL,URINNCCM,IN PROGRESS,NCCM_UR_IN_ValidateOrder,psalokhe,ESOC,091NOID1143010573689,No,09-01-2015 03:11,No,utkarsh.nigam,ESOC,ESOC,09-01-2015 03:13
NCCM_36468,NORMAL,BINCCM,IN PROGRESS,NCCM_BM_IP_ScheduleDateForBulkMigration,KKumari,SOC-IP,,No,09-01-2015 10:18,No,,SOC-IP,SOC-IP,15-01-2015 13:27
NCCM_36470,NORMAL,BTNCCM,IN PROGRESS,NCCM_BM_Tx_ReviewAndClose,PoGawali,Provisioning-Network,,No,09-01-2015 10:39,No,,Provisioning-Network,Provisioning-Network,07-05-2015 13:46
NCCM_36471,NORMAL,BTNCCM,CLOSED,,DeviVish,Provisioning-Network,,No,09-01-2015 10:43,No,,,,
NCCM_36473,NORMAL,PGICCNCCM,IN PROGRESS,NCCM_PC_GIC_ConfigureCircuit,paresh.pawar,SOC-IP,4431262249,No,09-01-2015 11:45,No,,CM-IP-Enterprise,CM-IP-Enterprise,09-01-2015 12:22
NCCM_36475,NORMAL,PGICCNCCM,IN PROGRESS,NCCM_PC_GIC_ConfigureCircuit,paresh.pawar,SOC-IP,091CHEN030002576265,No,09-01-2015 12:09,No,,CM-IP-Enterprise,CM-IP-Enterprise,09-01-2015 12:15
NCCM_36476,NORMAL,PGICCNCCM,IN PROGRESS,NCCM_PC_GIC_ConfigureCircuit,paresh.pawar,SOC-IP,091MUMB030010023743,No,09-01-2015 12:44,No,,CM-IP-Enterprise,CM-IP-Enterprise,09-01-2015 12:47
NCCM_36478,CEASE,BTNCCM,Ceased,,bikramjit.singh,PMG,,No,09-01-2015 13:20,No,,,,
NCCM_36479,NORMAL,BTNCCM,IN PROGRESS,NCCM_BM_Tx_UpdateCramerCLR,bikramjit.singh,PMG,,No,09-01-2015 13:26,No,,Provisioning-Network,Provisioning-Network,09-01-2015 13:40
NCCM_36480,NORMAL,BTNCCM,IN PROGRESS,NCCM_BM_Tx_UpdateCramerCLR,bikramjit.singh,PMG,,No,09-01-2015 13:40,No,,Provisioning-Network,Provisioning-Network,09-01-2015 13:45
NCCM_36481,NORMAL,BTNCCM,IN PROGRESS,NCCM_BM_Tx_UpdateCramerCLR,bikramjit.singh,PMG,,No,09-01-2015 13:46,No,,Provisioning-Network,Provisioning-Network,09-01-2015 13:46
NCCM_36482,NORMAL,BTNCCM,CLOSED,,sadvitot,Provisioning-Network,,No,09-01-2015 14:09,No,,,,
NCCM_36483,NORMAL,PINCNCCM,IN PROGRESS,NCCM_PC_INC_ActivityGoAhead,singh.amit,,091MUMB1143010580378,No,09-01-2015 15:15,No,,SD-CNOC,SD-CNOC,14-01-2015 11:39
NCCM_36487,NORMAL,BTNCCM,CLOSED,,santpati,Provisioning-Network,,No,09-01-2015 15:48,No,,,,
NCCM_36488,NORMAL,BTNCCM,IN PROGRESS,NCCM_BM_Tx_ConfigureTxServiceInPEWindow,ISInamda,Provisioning-Network,,No,09-01-2015 15:55,No,,CM-Transport,CM-Transport,09-01-2015 16:12
NCCM_38821,NORMAL,URIGPSNCCM,IN PROGRESS,NCCM_UR_IGP_ConfigureIP,paresh.pawar,SOC-IP,2031243788,No,18-03-2015 12:38,No,,CM-IP-Enterprise,CM-IP-Enterprise,18-03-2015 17:37
NCCM_38821,NORMAL,URIGPSNCCM,IN PROGRESS,NCCM_UR_IGP_ConfigureTX,paresh.pawar,SOC-IP,2031243788,No,18-03-2015 12:38,No,,ESOC,ESOC,19-03-2015 11:12
NCCM_36486,NORMAL,URIGPSNCCM,IN PROGRESS,NCCM_UR_IGP_VerifyCRSAAccess,parag.potdar,IP-Field-Ops-Mumbai,222296661,No,09-01-2015 15:46,No,,SA-ACCESS,SA-ACCESS,09-01-2015 15:57
NCCM_36489,NORMAL,BTNCCM,IN PROGRESS,NCCM_BM_Tx_ReviewAndClose,DeviVish,Provisioning-Network,,No,09-01-2015 15:58,No,,Provisioning-Network,Provisioning-Network,11-01-2015 04:11
NCCM_36491,NORMAL,PGICCNCCM,IN PROGRESS,NCCM_PC_GIC_ConfigureCircuit,paresh.pawar,SOC-IP,091CHEN623008069452,No,09-01-2015 17:10,No,,CM-IP-Enterprise,CM-IP-Enterprise,09-01-2015 17:14
NCCM_36492,NORMAL,PGICCNCCM,IN PROGRESS,NCCM_PC_GIC_ConfigureCircuit,paresh.pawar,SOC-IP,091CHEN623009548128,No,09-01-2015 17:14,No,,CM-IP-Enterprise,CM-IP-Enterprise,09-01-2015 17:18
NCCM_36493,NORMAL,BTNCCM,CLOSED,,omprakash.kore,Provisioning-Network,,No,09-01-2015 18:06,No,,,,
NCCM_36497,NORMAL,PITGISNCCM,IN PROGRESS,NCCM_PITGIS_RaiseChangeRequest,bikramjit.singh,PMG,091GURG030007433240,No,09-01-2015 18:11,No,,PMG,PMG,09-01-2015 18:16
