SrNo,nims_id,CRAMMER_NAME,circuit_action_type,tiger_id,customer_name,service_type,VIZNET_ID_,provisioner_name,order_issued_date
1,AJHX-P44X 1G0001,PUNE/AJHX/METGM/IND*PUNE/P44X/SANCH/IND 1G0001,Provide,818788,26819 - METRO SYSTEMS GMBH,GLOBETH,,PPRABHUD,18-03-2016 08:59:05
2,6I2X-N99X SPVLAN0001,NYKC/N99X/SANCH/USA*NYKC/6I2X/INTGB/USA SPVLAN0001,Reroute,817964,7330 - SERCO BPO PRIVATE LIMITED,GSM,,MNIBRAD,09-03-2016 06:41:50
3,SVWX-SVWX TUG3S1C1101SONUS,SING/SVWX/VSNLS/SGP*SING/SVWX/VSNLS/SGP VC3S0119,Provide,812616,7139 - TATA COMMUNICATIONS LANKA LIMITED,VTSPREM,,PMORASAK,15-02-2016 12:01:28
4,SVWX-V6SX 30N007,CMBO/V6SX/VSNLK/SLK*SING/SVWX/VSNLS/SGP 30N0007,Provide,812616,7139 - TATA COMMUNICATIONS LANKA LIMITED,VTSPREM,,PMORASAK,15-02-2016 12:04:38
5,SVWX-V6SX 30N006,CMBO/V6SX/VSNLK/SLK*SING/SVWX/VSNLS/SGP 30N0006,Provide,812616,7139 - TATA COMMUNICATIONS LANKA LIMITED,VTSPREM,,PMORASAK,15-02-2016 12:04:34
6,HW1X-L78X SPVLAN0041,HWCX/HW1X/TGBUK/GBR*LNDN/L78X/TGBUK/GBR SPVLAN0041,Provide,818887,20848 - TATA COMMUNICATIONS LIMITED,*N/A*,,AVIPATIL,17-03-2016 08:10:14
7,2SXX-TTTX 30N002,SNTG/2SXX/ENTCH/CHL*SCRB/TTTX/TGB/CAN 30N0002,Reroute,804351,232 - ENTEL CHILE-EMPRESA NACIONAL DE TELECOMUNICA,VTS,,PMORASAK,14-03-2016 15:04:46
8,2SXX-TTTX 30N001,SNTG/2SXX/ENTCH/CHL*SCRB/TTTX/TGB/CAN 30N0001,Cancel,804622,232 - ENTEL CHILE-EMPRESA NACIONAL DE TELECOMUNICA,VTS,,RCHAKRAD,25-11-2015 11:55:43
9,8RRX-XNLX N0001,LAGS/XNLX/TGBUK/NGA*LAGS/8RRX/ETSLT/NGA SPVLAN0001,Provide,813480,351 - EMIRATES TELECOMMUNICATIONS CORPORATION. (ET,GSM,,NTHENGAD,14-03-2016 05:05:18
10,AV3X-L90X OF005,AICX/AV3X/VSNLJ/JPN*LOSA/L90X/TGBUS/USA OMS0003,Cancel,758824,10677 - TATA COMMUNICATIONS (AMERICA) INC.,*N/A*,,AVIPATIL,25-02-2015 08:25:31
11,9M7X-LDNX 64S003_MainOne,LNDN/9M7X/MAONE/GBR*LNDN/LDNX/TGBUK/GBR 64S0003,Reroute,793335,24275 - MAIN ONE CABLE COMPANY LIMITED,GSM,,AKARMUR,08-03-2016 15:10:02
12,0MPX-LAAX 30N008,KLJX/0MPX/JTM/MYS*LOSA/LAAX/TGBUS/USA 30N0008,Cancel,804110,616 - TELEKOM MALAYSIA BERHAD,VTS,,ROVARADE,10-02-2016 07:40:17
13,0MPX-LAAX 30N006,KLJX/0MPX/JTM/MYS*LOSA/LAAX/TGBUS/USA 30N0006,Cancel,804110,616 - TELEKOM MALAYSIA BERHAD,VTS,,ROVARADE,10-02-2016 07:39:10
14,0MPX-LAAX 30N003,KLJX/0MPX/JTM/MYS*LOSA/LAAX/TGBUS/USA 30N0003,Cancel,804110,616 - TELEKOM MALAYSIA BERHAD,VTS,,ROVARADE,10-02-2016 07:38:43
15,SVWX-TV2X 0500ISID5107,SING/SVWX/VSNLS/SGP*TOKY/TV2X/VSNLJ/JPN ISID0015,Cancel,818831,7059 - SOFTBANK CORP.,GLOBETH,,AKARMUR,11-03-2016 12:00:02
16,TCNX-TTTX 24N028,ETOB/TCNX/CTL/CAN*SCRB/TTTX/TGB/CAN 24N0072,Reroute,787166,1745 - ROGERS TELECOM (US) INC,VTS,,AMRITJAD,28-09-2015 09:52:19
17,MCNX-MTTX 24N070,MTRL/MCNX/CTL/CAN*MTRL/MTTX/TGB/CAN 24N0087,Reroute,787166,1745 - ROGERS TELECOM (US) INC,VTS,,AMRITJAD,28-09-2015 10:03:57
18,MCNX-MTTX 24N039,MTRL/MCNX/CTL/CAN*MTRL/MTTX/TGB/CAN 24N0011,Reroute,787166,1745 - ROGERS TELECOM (US) INC,VTS,,AMRITJAD,28-09-2015 09:56:54
19,FEQX-JZ5X SPVLAN0001,FRKF/FEQX/TGGEW/DEU*HMGB/JZ5X/VJCLL/DEU SPVLAN0001,Provide,762954,24098 - JAGUAR LAND ROVER LIMITED,GSM,,RKELUSKA,27-10-2015 10:04:48
20,3JFX-FNMX NP1,FRKF/FNMX/TGGEW/DEU*ROMX/3JFX/VJCLL/ITA NP0001,Reroute,812252,24098 - JAGUAR LAND ROVER LIMITED,GSM,73P271010,MNIBRAD,21-01-2016 13:14:34
21,636X-OO8X SPVLAN0001,SEOL/OO8X/SOE/KOR*SEON/636X/VJCLL/KOR SPVLAN0001,Provide,806851,24098 - JAGUAR LAND ROVER LIMITED,GSM,,PAVATADE,17-02-2016 08:29:03
22,DI9X-N0VX 1S001,NYKC/N0VX/TGBUS/USA*NYKC/DI9X/DISHN/USA 1S0001,Provide,737935,21131 - DISHNET WIRELESS,GSM,,YMANVE,24-07-2014 15:08:37
23,N0VX-NYQX 24N001,NYKC/NYQX/MFS/USA*NYKC/N0VX/TGBUS/USA 24N0001,Provide,816858,18713 - NII HOLDINGS INC.,VTS,,PMORASAK,18-03-2016 11:26:48
24,FD8X-WYNX OMS0001,MARS/WYNX/TGFCE/FCE*MUMB/FD8X/IDCLL/IND OMS0001,Provide,796114,23344 - IDEA CELLULAR LIMITED,GSM,,SANDEEPJ,11-02-2016 06:05:49
25,NDLX-NV7X NV7-KSR DL72IROAMA,NDLH/NDLX/VSNL/IND*NDLH/NV7X/VSNL/IND 64K0017,Provide,790644,23565 - U MOBILE SDN BHD ,VTS,,ANVERMA,05-12-2015 12:42:27
26,J2OX-LVWX NP5,LOSA/LVWX/TGBUS/USA*LOSA/J2OX/FIBRI/USA NP0005,Provide,816069,19240 - LEASEWEB NETWORK B.V.,INET,,RNISTANE,21-03-2016 06:29:41
27,27GX-IT3X 24N001,LOSA/27GX/TGBUS/USA*ORCX/IT3X/INALI/USA 24N0002,Cancel,813798,25269 - ITC INFOTECH INDIA LIMITED,GSM,,RNISTANE,06-02-2016 10:21:46
28,2TVX-TV3X OMS001,TOKY/TV3X/VSNLJ/JPN*TOKY/2TVX/VSNLJ/JPN OMS0001,Provide,817446,20744 - TATA COMMUNICATIONS (JAPAN) K.K.,*N/A*,,KKHADE,18-03-2016 09:24:46
29,TV2X-TV3X DWDM001_EVEN_GT19,TOKY/TV2X/VSNLJ/JPN*TOKY/TV3X/VSNLJ/JPN OMS0003,Provide,817446,20744 - TATA COMMUNICATIONS (JAPAN) K.K.,*N/A*,,KKHADE,18-03-2016 09:24:06
30,NDLX-NV7X NV7-ZJZ DL78HROAMB,NDLH/NDLX/VSNL/IND*NDLH/NV7X/VSNL/IND 64K0060,Provide,800001,18504 - IDEA CELLULAR LIMITED,VTS,,ANVERMA,05-12-2015 12:38:57
31,NDLX-NV7X NV7-ZJZ DL78HROAMA,NDLH/NDLX/VSNL/IND*NDLH/NV7X/VSNL/IND 64K0059,Provide,800001,18504 - IDEA CELLULAR LIMITED,VTS,,ANVERMA,05-12-2015 12:38:43
32,MMBX-MMBX VMU-ZJY DL71HROAMA,MUMB/MMBX/VSNL/IND*MUMB/MMBX/VSNL/IND 64K0001,Provide,800001,18504 - IDEA CELLULAR LIMITED,VTS,,ANVERMA,05-12-2015 12:43:05
33,NDLX-NV7X NV7-ZJZ DL84HROAMB,NDLH/NDLX/VSNL/IND*NDLH/NV7X/VSNL/IND 64K0064,Provide,800001,18504 - IDEA CELLULAR LIMITED,VTS,,ANVERMA,05-12-2015 12:40:35
34,MMBX-MMBX VMU-ZJZ DL75HROAMB,MUMB/MMBX/VSNL/IND*MUMB/MMBX/VSNL/IND 64K0030,Provide,800001,18504 - IDEA CELLULAR LIMITED,VTS,,ANVERMA,05-12-2015 12:52:34
35,MMBX-MMBX VMU-ZJZ DL75HROAMA,MUMB/MMBX/VSNL/IND*MUMB/MMBX/VSNL/IND 64K0029,Provide,800001,18504 - IDEA CELLULAR LIMITED,VTS,,ANVERMA,05-12-2015 12:52:19
36,MMBX-MMBX VMU-ZJY DL78HROAMB,MUMB/MMBX/VSNL/IND*MUMB/MMBX/VSNL/IND 64K0016,Provide,800001,18504 - IDEA CELLULAR LIMITED,VTS,,ANVERMA,05-12-2015 12:47:26
37,F5VX-MTTX 24N0001,FTWH/F5VX/VERIS/USA*MTRL/MTTX/TGB/CAN 24N0002,Provide,810325,"18595 - VERISIGN, INC.",VTS,,RCHAKRAD,21-03-2016 09:29:30
38,H99X-H99X SPVLAN0039,HNKG/H99X/SANCH/CHN*HNKG/H99X/SANCH/CHN SPVLAN0039,Provide,798866,25700 - TATA - BB ETHERNET.,*N/A*,,AVIPATIL,17-12-2015 14:58:19
39,IH4X-IH4X 10G1003,SING/IH4X/VSNLS/SGP*SING/IH4X/VSNLS/SGP 10G0005,Cancel,804397,25700 - TATA - BB ETHERNET.,*N/A*,,AVIPATIL,27-02-2016 11:41:54
40,N0VX-NJYX BVID4050,NWRK/NJYX/TGBUS/USA*NYKC/N0VX/TGBUS/USA BVID0001,Provide,798503,25700 - TATA - BB ETHERNET.,*N/A*,,AVIPATIL,17-11-2015 11:59:38
41,L78X-WYNX BE0099/AOVL,LNDN/L78X/TGBUK/GBR*MARS/WYNX/TGFCE/FCE CEVLAN0003,Provide,798340,25700 - TATA - BB ETHERNET.,*N/A*,,AVIPATIL,06-01-2016 15:35:54
42,CT8X-TV2X BVID1996UP,CHIG/CT8X/TGBUS/USA*TOKY/TV2X/VSNLJ/JPN BVID0002,Cancel,817606,25700 - TATA - BB ETHERNET.,*N/A*,,ASHANDHA,11-03-2016 07:57:25
43,P1VX-SV1X VC3S026,PLAL/P1VX/TGBUS/USA*SNCL/SV1X/TGBUS/USA VC3S0029,Cancel,812593,25700 - TATA - BB ETHERNET.,*N/A*,,AVIPATIL,29-01-2016 10:58:27
44,P1VX-SV1X VC3S007,PLAL/P1VX/TGBUS/USA*SNCL/SV1X/TGBUS/USA VC3S0010,Cancel,812593,25700 - TATA - BB ETHERNET.,*N/A*,,AVIPATIL,29-01-2016 10:58:16
45,KDBX-P44X BVID0701B1,BGLR/KDBX/VKDCO/IND*PUNE/P44X/SANCH/IND BVID0018,Provide,735847,25700 - TATA - BB ETHERNET.,*N/A*,,AKARMUR,31-05-2014 07:39:01
46,P44X-W1UX BVID0701B1,MUMB/W1UX/SANCH/IND*PUNE/P44X/SANCH/IND BVID0058,Provide,735847,25700 - TATA - BB ETHERNET.,*N/A*,,AKARMUR,31-05-2014 07:38:45
47,HW1X-L78X VC3S882,HWCX/HW1X/TGBUK/GBR*LNDN/L78X/TGBUK/GBR VC3S0191,Reroute,764245,25700 - TATA - BB ETHERNET.,*N/A*,,AKARMUR,10-04-2015 11:25:59
48,H99X-IH4X CEVLAN0012,HNKG/H99X/SANCH/CHN*SING/IH4X/VSNLS/SGP CEVLAN0012,Provide,798868,25700 - TATA - BB ETHERNET.,*N/A*,,AVIPATIL,21-12-2015 08:23:31
49,SVQX-T9YX VC3S008,BNGK/T9YX/TRUEL/THA*SING/SVQX/VSNLS/SGP VC3S0009,Provide,795490,25700 - TATA - BB ETHERNET.,*N/A*,,AVIPATIL,25-02-2016 11:18:55
50,H99X-W1UX VC3S017,HNKG/H99X/SANCH/CHN*MUMB/W1UX/SANCH/IND VC3S0017,Provide,810014,25700 - TATA - BB ETHERNET.,*N/A*,,AVIPATIL,17-02-2016 12:24:46
51,H99X-W1UX VC3S005,HNKG/H99X/SANCH/CHN*MUMB/W1UX/SANCH/IND VC3S0005,Provide,810014,25700 - TATA - BB ETHERNET.,*N/A*,,AVIPATIL,17-02-2016 12:24:20
52,HDBX-IM6X BVID0011B1,HYBD/HDBX/VSNL/IND*MUMB/IM6X/VSNLI/IND BVID0065,Provide,819928,25700 - TATA - BB ETHERNET.,*N/A*,IOR_132778,AVIPATIL,21-03-2016 10:13:22
53,N0VX-N0VX XM0004,NYKC/N0VX/TGBUS/USA*NYKC/N0VX/TGBUS/USA XM0004,Provide,776703,25700 - TATA - BB ETHERNET.,*N/A*,,AVIPATIL,06-11-2015 10:52:40
54,H99X-IH4X CEVLAN005,HNKG/H99X/SANCH/CHN*SING/IH4X/VSNLS/SGP CEVLAN0005,Provide,799271,25700 - TATA - BB ETHERNET.,*N/A*,,AVIPATIL,11-12-2015 13:42:13
55,NW8X-NW8X VC3S077,NYKC/NW8X/TGBUS/USA*NYKC/NW8X/TGBUS/USA VC3S0077,Cancel,812593,25700 - TATA - BB ETHERNET.,*N/A*,,AVIPATIL,29-01-2016 10:57:49
56,N0VX-NJYX BVID1109P,NWRK/NJYX/TGBUS/USA*NYKC/N0VX/TGBUS/USA BVID0012,Provide,798510,25700 - TATA - BB ETHERNET.,*N/A*,,AVIPATIL,24-11-2015 12:36:20
57,H99X-H99X 1G064,HNKG/H99X/SANCH/CHN*HNKG/H99X/SANCH/CHN 1G0064,Provide,791632,25700 - TATA - BB ETHERNET.,*N/A*,IOR_286783,AVIPATIL,10-12-2015 08:12:46
58,H99X-W1UX VC3S014,HNKG/H99X/SANCH/CHN*MUMB/W1UX/SANCH/IND VC3S0014,Provide,810014,25700 - TATA - BB ETHERNET.,*N/A*,,AVIPATIL,17-02-2016 12:24:39
59,SVQX-T9YX VC3S007,BNGK/T9YX/TRUEL/THA*SING/SVQX/VSNLS/SGP VC3S0008,Provide,795490,25700 - TATA - BB ETHERNET.,*N/A*,,AVIPATIL,25-02-2016 11:21:17
60,HDBX-IM6X BVID0060,HYBD/HDBX/VSNL/IND*MUMB/IM6X/VSNLI/IND BVID0042,Cancel,817105,25700 - TATA - BB ETHERNET.,*N/A*,IOR_218004,AVIPATIL,18-03-2016 10:33:12
61,H99X-W1UX VC3S019,HNKG/H99X/SANCH/CHN*MUMB/W1UX/SANCH/IND VC3S0019,Provide,810014,25700 - TATA - BB ETHERNET.,*N/A*,,AVIPATIL,17-02-2016 12:25:22
62,W1UX-W1UX VC4S801,MUMB/W1UX/SANCH/IND*MUMB/W1UX/SANCH/IND VC4S0071,Provide,810014,25700 - TATA - BB ETHERNET.,*N/A*,,AVIPATIL,17-02-2016 12:25:25
63,IM6X-IM6X BVID0011,MUMB/IM6X/VSNLI/IND*MUMB/IM6X/VSNLI/IND BVID0062,Provide,819928,25700 - TATA - BB ETHERNET.,*N/A*,IOR_132778,AVIPATIL,21-03-2016 10:12:43
64,H99X-W1UX VC4S001,HNKG/H99X/SANCH/CHN*MUMB/W1UX/SANCH/IND VC4S0001,Provide,810014,25700 - TATA - BB ETHERNET.,*N/A*,,AVIPATIL,17-02-2016 12:40:00
65,H71X-H99X 0810PISID10000029,HNKG/H71X/THK/HKG*HNKG/H99X/SANCH/CHN ISID0021,Provide,799271,25700 - TATA - BB ETHERNET.,*N/A*,,AVIPATIL,11-12-2015 15:04:34
66,P1VX-SV1X VC3S024,PLAL/P1VX/TGBUS/USA*SNCL/SV1X/TGBUS/USA VC3S0027,Cancel,812593,25700 - TATA - BB ETHERNET.,*N/A*,,AVIPATIL,29-01-2016 10:59:05
67,C99X-C99X SPVLAN0098,CHNI/C99X/SANCH/IND*CHNI/C99X/SANCH/IND SPVLAN0098,Provide,791632,25700 - TATA - BB ETHERNET.,*N/A*,,AVIPATIL,10-12-2015 08:13:20
68,N0VX-NW8X BVID0700,NYKC/N0VX/TGBUS/USA*NYKC/NW8X/TGBUS/USA BVID0007,Provide,798510,25700 - TATA - BB ETHERNET.,*N/A*,,AVIPATIL,24-11-2015 12:35:17
69,H99X-H99X SPVLAN0030,HNKG/H99X/SANCH/CHN*HNKG/H99X/SANCH/CHN SPVLAN0030,Provide,798416,25700 - TATA - BB ETHERNET.,*N/A*,,AVIPATIL,11-12-2015 09:58:39
70,H99X-H99X 1G065,HNKG/H99X/SANCH/CHN*HNKG/H99X/SANCH/CHN 1G0065,Provide,798416,25700 - TATA - BB ETHERNET.,*N/A*,,AVIPATIL,11-12-2015 10:00:05
71,SVQX-T9YX VC4S003,BNGK/T9YX/TRUEL/THA*SING/SVQX/VSNLS/SGP VC4S0003,Provide,795490,25700 - TATA - BB ETHERNET.,*N/A*,,AVIPATIL,25-02-2016 08:25:22
72,IM6X-W1UX BVID4012,MUMB/IM6X/VSNLI/IND*MUMB/W1UX/SANCH/IND BVID0086,Provide,819635,25700 - TATA - BB ETHERNET.,*N/A*,IOR_343209,AVIPATIL,18-03-2016 15:06:40
73,H71X-IH4X 0810PISID14000007,HNKG/H71X/THK/HKG*SING/IH4X/VSNLS/SGP ISID0005,Provide,799273,25700 - TATA - BB ETHERNET.,*N/A*,,AVIPATIL,14-12-2015 14:02:11
74,N0VX-NJYX BVID0900P,NWRK/NJYX/TGBUS/USA*NYKC/N0VX/TGBUS/USA BVID0007,Provide,798510,25700 - TATA - BB ETHERNET.,*N/A*,,AVIPATIL,24-11-2015 12:36:04
75,HW1X-L78X VC3S853,HWCX/HW1X/TGBUK/GBR*LNDN/L78X/TGBUK/GBR VC3S0233,Provide,815994,25700 - TATA - BB ETHERNET.,*N/A*,,AVIPATIL,18-03-2016 07:13:15
76,IM6X-L78X 1650ISID5030,LNDN/L78X/TGBUK/GBR*MUMB/IM6X/VSNLI/IND ISID0075,Cancel,802412,25700 - TATA - BB ETHERNET.,*N/A*,,AVIPATIL,03-12-2015 11:08:37
77,HDBX-IM6X BVID0701B2,HYBD/HDBX/VSNL/IND*MUMB/IM6X/VSNLI/IND BVID0035,Provide,735847,25700 - TATA - BB ETHERNET.,*N/A*,,AKARMUR,31-05-2014 07:33:19
78,CT8X-L10X VC3S004,CHIG/CT8X/TGBUS/USA*LOSA/L10X/TGBUS/USA VC3S0004,Cancel,819367,25700 - TATA - BB ETHERNET.,*N/A*,,KKHADE,22-03-2016 13:15:28
79,CT8X-L10X VC3S011,CHIG/CT8X/TGBUS/USA*LOSA/L10X/TGBUS/USA VC3S0011,Cancel,819367,25700 - TATA - BB ETHERNET.,*N/A*,,KKHADE,22-03-2016 13:15:13
80,H99X-SVWX 0810ISID10000029,HNKG/H99X/SANCH/CHN*SING/SVWX/VSNLS/SGP ISID0049,Provide,799271,25700 - TATA - BB ETHERNET.,*N/A*,,AVIPATIL,11-12-2015 13:35:46
81,CT8X-L10X VC4S0001,CHIG/CT8X/TGBUS/USA*LOSA/L10X/TGBUS/USA VC4S0001,Cancel,819367,25700 - TATA - BB ETHERNET.,*N/A*,,KKHADE,22-03-2016 13:14:40
82,H99X-H99X 1G067,HNKG/H99X/SANCH/CHN*HNKG/H99X/SANCH/CHN 1G0067,Provide,799273,25700 - TATA - BB ETHERNET.,*N/A*,,AVIPATIL,14-12-2015 14:01:09
83,SV1X-SV1X BE1003,SNCL/SV1X/TGBUS/USA*SNCL/SV1X/TGBUS/USA LAG0002,Reroute,812980,25700 - TATA - BB ETHERNET.,*N/A*,,AVIPATIL,28-01-2016 07:59:43
84,H99X-SVWX 0810ISID14000008,HNKG/H99X/SANCH/CHN*SING/SVWX/VSNLS/SGP ISID0051,Provide,799274,25700 - TATA - BB ETHERNET.,*N/A*,,AVIPATIL,16-12-2015 08:19:45
85,H99X-IH4X CEVLAN002,HNKG/H99X/SANCH/CHN*SING/IH4X/VSNLS/SGP CEVLAN0002,Provide,791632,25700 - TATA - BB ETHERNET.,*N/A*,,AVIPATIL,10-12-2015 08:13:34
86,N0VX-NW8X BVID0500,NYKC/N0VX/TGBUS/USA*NYKC/NW8X/TGBUS/USA BVID0005,Provide,798510,25700 - TATA - BB ETHERNET.,*N/A*,,AVIPATIL,24-11-2015 12:35:10
87,L78X-L78X BE0096,LNDN/L78X/TGBUK/GBR*LNDN/L78X/TGBUK/GBR LAG0011,Provide,817594,25700 - TATA - BB ETHERNET.,*N/A*,,ASHANDHA,22-03-2016 08:38:44
88,27GX-799X SPVLAN0001,CADR/799X/BIRLA/USA*LOSA/27GX/TGBUS/USA SPVLAN0001,Provide,810548,25840 - BIRLASOFT (INDIA) LIMITED,GSM,,RNISTANE,15-03-2016 14:23:35
89,PYEX-W1UX 0500ISID5006,MUMB/W1UX/SANCH/IND*PARS/PYEX/TGFCE/FCE ISID0013,Provide,808885,25862 - CHINA TELECOM GLOBAL LIMITED,GLOBETH,,YSOMI,21-12-2015 13:51:52
90,W1UX-W3IX 1G004,MUMB/W1UX/SANCH/IND*MUMB/W3IX/VSNL/IND 1G0004,Reroute,654946,25914 - TELSTRA CORPORATION LIMITED,GLOBETH,IOR_4272,KAVISRIN,29-08-2012 07:02:06
91,EGCX-WOIX NP9,MARS/EGCX/WEIND/FCE*MARS/WOIX/WEIND/FCE NP0009,Reroute,814623,27759 - WEST INDIAN OCEAN CABLE COMPANY (WIOCC),GSM,,ASATPUTE,09-02-2016 10:19:42
92,WOIX-WYNX 4V4C002,MARS/WOIX/WEIND/FCE*MARS/WYNX/TGFCE/FCE 4V4C0002,Provide,814623,27759 - WEST INDIAN OCEAN CABLE COMPANY (WIOCC),GSM,,ASATPUTE,09-02-2016 10:19:01
93,P44X-XYLX 100M0001,PUNE/P44X/SANCH/IND*PUNE/XYLX/MASCO/IND 100M0001,Provide,815202,24470 - MASERGY COMMUNICATIONS INC.,GLOBETH,,YSOMI,22-03-2016 14:46:22
94,F4FX-N99X SPVLAN0001,3FDX/F4FX/OPASF/USA*NYKC/N99X/SANCH/USA SPVLAN0001,Reroute,818068,26869 - TATA CONSULTANCY SERVICES LIMITED,GSM,,MNIBRAD,10-03-2016 07:13:44
95,OI0X-S01X SPVLAN0001,PRTH/OI0X/OPASF/AUS*SYDN/S01X/SANCH/AUS SPVLAN0001,Reroute,815711,26869 - TATA CONSULTANCY SERVICES LIMITED,GSM,,BMORE,23-02-2016 14:20:02
96,42SX-JSOX 30N0001,JHBG/42SX/SPRIT/ZAF*JHBG/JSOX/SNOTE/ZAF 30N0001,Reroute,675827,26152 - SPRINTLINK UK LIMITED,GSM,,RBHARGAV,17-07-2013 11:45:23
97,MTTX-NJNX 24N020,MTRL/MTTX/TGB/CAN*NWRK/NJNX/WILTE/USA 24N0014,Provide,799187,"18788 - WILTEL COMMUNICATIONS, LLC",VTS,,PMORASAK,01-12-2015 09:47:43
98,MTTX-NJNX 24N015,MTRL/MTTX/TGB/CAN*NWRK/NJNX/WILTE/USA 24N0009,Provide,799187,"18788 - WILTEL COMMUNICATIONS, LLC",VTS,,PMORASAK,01-12-2015 09:46:37
99,L78X-L90X NP1/IT-DME,LNDN/L78X/TGBUK/GBR*LOSA/L90X/TGBUS/USA CEVLAN0001,Reroute,731031,18907 - IT GROUP (PLANNED OUTAGES),*N/A*,,PMANDAL,27-06-2014 15:22:13
100,C36X-IH4X BVID1100P,CHNI/C36X/SANCH/IND*SING/IH4X/VSNLS/SGP BVID0023,Provide,731031,18907 - IT GROUP (PLANNED OUTAGES),*N/A*,,PMANDAL,27-06-2014 15:29:10
101,F17X-FV0X 1G0001,FRKF/F17X/MSPFR/DEU*FRKF/FV0X/TGGEW/DEU 1G0001,Cancel,817180,18907 - IT GROUP (PLANNED OUTAGES),*N/A*,,PRATPAND,02-03-2016 08:47:44
102,P44X-W1UX NP4/IT-DME,MUMB/W1UX/SANCH/IND*PUNE/P44X/SANCH/IND CEVLAN0008,Reroute,731031,18907 - IT GROUP (PLANNED OUTAGES),*N/A*,,PMANDAL,27-06-2014 12:06:17
103,P44X-W1UX NP3/IT-DME,MUMB/W1UX/SANCH/IND*PUNE/P44X/SANCH/IND CEVLAN0007,Reroute,731031,18907 - IT GROUP (PLANNED OUTAGES),*N/A*,,PMANDAL,27-06-2014 12:06:08
104,HH1X-P44X NP2/IT-DME,HNKG/HH1X/THK/HKG*PUNE/P44X/SANCH/IND CEVLAN0002,Reroute,731031,18907 - IT GROUP (PLANNED OUTAGES),*N/A*,,PMANDAL,27-06-2014 12:01:34
105,NW8X-WV1X CEVLAN0031,NYKC/NW8X/TGBUS/USA*WALL/WV1X/TGBUS/USA CEVLAN0031,Provide,807012,18907 - IT GROUP (PLANNED OUTAGES),*N/A*,,AVIPATIL,18-12-2015 12:49:55
106,KV8X-W1UX NP2/IT-DME,KA1X/KV8X/VSNLJ/JPN*MUMB/W1UX/SANCH/IND CEVLAN0002,Reroute,731031,18907 - IT GROUP (PLANNED OUTAGES),*N/A*,,PMANDAL,27-06-2014 15:24:00
107,P44X-PJ0X NP2/IT-DME,PARS/PJ0X/TGFCE/FCE*PUNE/P44X/SANCH/IND CEVLAN0002,Reroute,731031,18907 - IT GROUP (PLANNED OUTAGES),*N/A*,,PMANDAL,27-06-2014 11:54:01
108,NJYX-W1UX NP2/IT-DME,MUMB/W1UX/SANCH/IND*NWRK/NJYX/TGBUS/USA CEVLAN0002,Reroute,731031,18907 - IT GROUP (PLANNED OUTAGES),*N/A*,,PMANDAL,27-06-2014 15:24:46
109,KV8X-P44X NP2/IT-DME,KA1X/KV8X/VSNLJ/JPN*PUNE/P44X/SANCH/IND CEVLAN0002,Reroute,731031,18907 - IT GROUP (PLANNED OUTAGES),*N/A*,,PMANDAL,27-06-2014 15:03:36
110,HH1X-MTTX NP1/IT-DME,HNKG/HH1X/THK/HKG*MTRL/MTTX/TGB/CAN CEVLAN0001,Reroute,731031,18907 - IT GROUP (PLANNED OUTAGES),*N/A*,,PMANDAL,27-06-2014 14:47:24
111,MTTX-P44X NP4/IT-DME,MTRL/MTTX/TGB/CAN*PUNE/P44X/SANCH/IND CEVLAN0008,Reroute,731031,18907 - IT GROUP (PLANNED OUTAGES),*N/A*,,PMANDAL,27-06-2014 14:59:29
112,MTTX-P44X NP3/IT-DME,MTRL/MTTX/TGB/CAN*PUNE/P44X/SANCH/IND CEVLAN0007,Reroute,731031,18907 - IT GROUP (PLANNED OUTAGES),*N/A*,,PMANDAL,27-06-2014 14:59:19
113,NJYX-NJYX EOS001,NWRK/NJYX/TGBUS/USA*NWRK/NJYX/TGBUS/USA EOS0001,Provide,731031,18907 - IT GROUP (PLANNED OUTAGES),*N/A*,,PMANDAL,27-06-2014 11:56:31
114,7H6X-NJYX 1G0001,NEED/7H6X/PFIZ/USA*NWRK/NJYX/TGBUS/USA 1G0001,Provide,809862,27278 - PFIZER INC,DIA,,RNISTANE,17-03-2016 09:29:00
115,1XDX-NYYX 24N024,NYKC/1XDX/IVIBM/USA*NYKC/NYYX/TGBUS/USA 24N0050,Cancel,815918,7248 - IBM DAKSH BUSINESS PROCESS SERVICES PRIVATE,ENTVTS,,PMORASAK,18-02-2016 13:21:23
116,1XDX-NW8X 24N009,NYKC/1XDX/IVIBM/USA*NYKC/NW8X/TGBUS/USA 24N0009,Provide,815918,7248 - IBM DAKSH BUSINESS PROCESS SERVICES PRIVATE,ENTVTS,,PMORASAK,18-02-2016 13:30:10
117,1XDX-NYYX 24N001,NYKC/1XDX/IVIBM/USA*NYKC/NYYX/TGBUS/USA 24N0028,Cancel,815918,7248 - IBM DAKSH BUSINESS PROCESS SERVICES PRIVATE,ENTVTS,,PMORASAK,18-02-2016 13:22:09
118,1XDX-NW8X 24N005,NYKC/1XDX/IVIBM/USA*NYKC/NW8X/TGBUS/USA 24N0005,Provide,815918,7248 - IBM DAKSH BUSINESS PROCESS SERVICES PRIVATE,ENTVTS,,PMORASAK,18-02-2016 13:28:26
119,088X-H98X 100M0001,HYBD/H98X/ATGL/IND*VSHP/088X/ATGL/IND 100M0001,Provide,776827,27228 - AT&T GLOBAL NETWORK SERVICES INDIA PTE LTD,GLOBETH,,PPRABHUD,29-04-2015 06:42:10
120,0LWX-C99X 100M0001,CHNI/0LWX/ATGL/IND*CHNI/C99X/SANCH/IND 100M0001,Provide,782818,27228 - AT&T GLOBAL NETWORK SERVICES INDIA PTE LTD,GLOBETH,,PPRABHUD,26-05-2015 10:35:48
121,6B5X-C99X SPVLAN0029,CHNI/6B5X/ATGL/IND*CHNI/C99X/SANCH/IND SPVLAN0029,Provide,782818,27228 - AT&T GLOBAL NETWORK SERVICES INDIA PTE LTD,GLOBETH,,PPRABHUD,26-05-2015 10:35:38
122,C99X-EJ7X 100M0001,CHNI/C99X/SANCH/IND*CHNI/EJ7X/ATGL/IND 100M0001,Cancel,818748,27228 - AT&T GLOBAL NETWORK SERVICES INDIA PTE LTD,GLOBETH,,YSOMI,14-03-2016 11:34:23
123,08IX-H98X 100M0001,HYBD/08IX/ATGL/IND*HYBD/H98X/ATGL/IND 100M0001,Provide,778418,27228 - AT&T GLOBAL NETWORK SERVICES INDIA PTE LTD,GLOBETH,,PPRABHUD,29-04-2015 06:20:00
124,A86X-A90X SPVLAN0103,BGLR/A86X/ATGL/IND*BGLR/A90X/BHARL/IND SPVLAN0103,Provide,778305,27228 - AT&T GLOBAL NETWORK SERVICES INDIA PTE LTD,GLOBETH,,PPRABHUD,22-05-2015 08:08:32
125,H98X-H98X SPVLAN0013,HYBD/H98X/ATGL/IND*HYBD/H98X/ATGL/IND SPVLAN0013,Provide,777763,27228 - AT&T GLOBAL NETWORK SERVICES INDIA PTE LTD,GLOBETH,,PPRABHUD,13-05-2015 14:12:17
126,A86X-A90X SPVLAN0089,BGLR/A86X/ATGL/IND*BGLR/A90X/BHARL/IND SPVLAN0088,Provide,767436,27228 - AT&T GLOBAL NETWORK SERVICES INDIA PTE LTD,GLOBETH,,PPRABHUD,11-02-2015 07:25:29
127,H98X-KVZX SPVLAN0039,HYBD/H98X/ATGL/IND*HYBD/KVZX/ATGL/IND SPVLAN0038,Provide,816283,27228 - AT&T GLOBAL NETWORK SERVICES INDIA PTE LTD,GLOBETH,,YSOMI,16-03-2016 07:08:27
128,H98X-H98X SPVLAN0010,HYBD/H98X/ATGL/IND*HYBD/H98X/ATGL/IND SPVLAN0010,Provide,776827,27228 - AT&T GLOBAL NETWORK SERVICES INDIA PTE LTD,GLOBETH,,PPRABHUD,29-04-2015 06:41:37
129,ECEX-TTTX 24N008,ETOB/ECEX/CTL/CAN*SCRB/TTTX/TGB/CAN 24N0008,Reroute,787169,10432 - ROGERS TELECOM (US) INC ,VTS,,AMRITJAD,11-09-2015 09:16:03
130,N74X-TTTX 24N062,NYKC/N74X/FONUS/USA*SCRB/TTTX/TGB/CAN 24N0062,Provide,785146,10432 - ROGERS TELECOM (US) INC ,VTS,,PMORASAK,03-12-2015 13:08:37
131,N74X-TTTX 24N059,NYKC/N74X/FONUS/USA*SCRB/TTTX/TGB/CAN 24N0059,Provide,785146,10432 - ROGERS TELECOM (US) INC ,VTS,,PMORASAK,03-12-2015 13:07:50
132,N74X-TTTX 24N090,NYKC/N74X/FONUS/USA*SCRB/TTTX/TGB/CAN 24N0090,Provide,785146,10432 - ROGERS TELECOM (US) INC ,VTS,,PMORASAK,03-12-2015 14:07:33
133,N74X-TTTX 24N089,NYKC/N74X/FONUS/USA*SCRB/TTTX/TGB/CAN 24N0089,Provide,785146,10432 - ROGERS TELECOM (US) INC ,VTS,,PMORASAK,03-12-2015 14:07:19
134,N74X-TTTX 24N085,NYKC/N74X/FONUS/USA*SCRB/TTTX/TGB/CAN 24N0085,Provide,785146,10432 - ROGERS TELECOM (US) INC ,VTS,,PMORASAK,03-12-2015 14:06:23
135,N74X-TTTX 24N084,NYKC/N74X/FONUS/USA*SCRB/TTTX/TGB/CAN 24N0084,Provide,785146,10432 - ROGERS TELECOM (US) INC ,VTS,,PMORASAK,03-12-2015 14:06:08
136,N74X-TTTX 24N073,NYKC/N74X/FONUS/USA*SCRB/TTTX/TGB/CAN 24N0073,Provide,785146,10432 - ROGERS TELECOM (US) INC ,VTS,,PMORASAK,03-12-2015 14:03:36
137,N74X-TTTX 24N037,NYKC/N74X/FONUS/USA*SCRB/TTTX/TGB/CAN 24N0037,Provide,785146,10432 - ROGERS TELECOM (US) INC ,VTS,,PMORASAK,03-12-2015 13:00:18
138,N74X-NYYX 24N004,NYKC/N74X/FONUS/USA*NYKC/NYYX/TGBUS/USA 24N0004,Cancel,785146,10432 - ROGERS TELECOM (US) INC ,VTS,,PMORASAK,03-12-2015 13:57:17
139,NW8X-NW8X OF4579,NYKC/NW8X/TGBUS/USA*NYKC/NW8X/TGBUS/USA OTS004579,Cancel,790352,34961 - TATA - BB VIDEOCONNECT,*N/A*,,ASATPUTE,29-07-2015 14:01:28
140,9Q6X-ZMIX SPVLAN0001,GENV/9Q6X/CACHC/CHE*ZRCH/ZMIX/TSWIZ/CHE SPVLAN0001,Provide,816536,25008 - KORBEN,GSM,,MNIBRAD,04-03-2016 11:32:44
141,DDIX-SVWX 30N006,DBAI/DDIX/DUEMI/UAE*SING/SVWX/VSNLS/SGP 30N0049,Provide,817495,21903 - Emirates Integrated Telecommunications Com,VTSPREM,,ROVARADE,22-03-2016 06:46:19
142,DDIX-SVWX 30N003,DBAI/DDIX/DUEMI/UAE*SING/SVWX/VSNLS/SGP 30N0046,Provide,817495,21903 - Emirates Integrated Telecommunications Com,VTSPREM,,ROVARADE,22-03-2016 06:46:05
143,NJYX-WHKX 24N001,NWRK/NJYX/TGBUS/USA*WNVL/WHKX/TITAL/USA 24N0001,Cancel,819687,"18230 - TELECOM ITALIA SPARKLE OF NORTH AMERICA, I",GSM,,AKARMUR,18-03-2016 12:11:27
144,L95X-N95X 10G008,LNDN/L95X/TELSO/GBR*NYKC/N95X/TELSO/USA 10G0008,Reroute,807823,20399 - TATA COMMUNICATIONS (US) INC.,*N/A*,,PRATPAND,09-12-2015 07:32:30
145,SV1X-SV1X OF2751,SNCL/SV1X/TGBUS/USA*SNCL/SV1X/TGBUS/USA OTS002751,Cancel,810736,20399 - TATA COMMUNICATIONS (US) INC.,*N/A*,,AVIPATIL,18-03-2016 08:14:39
146,SVWX-SVWX OMS199,SING/SVWX/VSNLS/SGP*SING/SVWX/VSNLS/SGP OMS0199,Provide,800969,20399 - TATA COMMUNICATIONS (US) INC.,*N/A*,,ASATPUTE,28-10-2015 11:30:26
147,LD5X-SV8X 192.400THZT4F3AC,HIBR/SV8X/TGBUK/GBR*SLGH/LD5X/EQUIL/GBR 100G0003,Provide,816591,20399 - TATA COMMUNICATIONS (US) INC.,*N/A*,,AVIPATIL,25-02-2016 15:42:27
148,WV1X-WV1X OF2660,WALL/WV1X/TGBUS/USA*WALL/WV1X/TGBUS/USA OTS002660,Cancel,809795,20399 - TATA COMMUNICATIONS (US) INC.,*N/A*,,KKHADE,25-01-2016 08:11:54
149,SV8X-SV8X OF3329,HIBR/SV8X/TGBUK/GBR*HIBR/SV8X/TGBUK/GBR OTS003329,Cancel,809795,20399 - TATA COMMUNICATIONS (US) INC.,*N/A*,,KKHADE,25-01-2016 08:11:50
150,WV1X-WV1X OF2659,WALL/WV1X/TGBUS/USA*WALL/WV1X/TGBUS/USA OTS002659,Cancel,809795,20399 - TATA COMMUNICATIONS (US) INC.,*N/A*,,KKHADE,25-01-2016 08:11:45
151,L78X-NW8X 10G0103,LNDN/L78X/TGBUK/GBR*NYKC/NW8X/TGBUS/USA 10G0005,Reroute,809794,20399 - TATA COMMUNICATIONS (US) INC.,*N/A*,,ASHANDHA,22-01-2016 09:39:10
152,LAAX-LAAX OF2178,LOSA/LAAX/TGBUS/USA*LOSA/LAAX/TGBUS/USA OTS002178,Provide,704758,20399 - TATA COMMUNICATIONS (US) INC.,*N/A*,,SMAHAMUN,23-12-2013 07:28:34
153,LAAX-LAAX ETS3918,LOSA/LAAX/TGBUS/USA*LOSA/LAAX/TGBUS/USA ETS003918,Provide,704758,20399 - TATA COMMUNICATIONS (US) INC.,*N/A*,,SMAHAMUN,23-12-2013 07:29:45
154,SV8X-SV8X OMS0288,HIBR/SV8X/TGBUK/GBR*HIBR/SV8X/TGBUK/GBR OMS0288,Reroute,807824,20399 - TATA COMMUNICATIONS (US) INC.,*N/A*,,PRATPAND,08-02-2016 12:53:45
155,LDNX-SV8X 194.600THZ01T3T7T8,HIBR/SV8X/TGBUK/GBR*LNDN/LDNX/TGBUK/GBR OC0015,Cancel,820466,20399 - TATA COMMUNICATIONS (US) INC.,*N/A*,,PRATPAND,26-03-2016 09:55:51
156,JJ1X-JJ2X 1546.52+1546.92NM2,CARO/JJ2X/ICEGP/EGY*MUMB/JJ1X/VSNL/IND 100G0003,Provide,820241,20399 - TATA COMMUNICATIONS (US) INC.,*N/A*,,KKHADE,23-03-2016 16:13:49
157,1LAX-WN2X 10G0010,LNDN/1LAX/ATT/GBR*NYKC/WN2X/ATT/USA 10G0010,Reroute,739391,20399 - TATA COMMUNICATIONS (US) INC.,*N/A*,,SMAHAMUN,20-11-2014 10:34:01
158,MTTX-N0VX 193.400THZ01KT7,MTRL/MTTX/TGB/CAN*NYKC/N0VX/TGBUS/USA OC0013,Provide,787486,20399 - TATA COMMUNICATIONS (US) INC.,*N/A*,,ASHANDHA,09-12-2015 10:09:05
159,DVSX-DVSX OMS032,DRIO/DVSX/TSP/ESP*DRIO/DVSX/TSP/ESP OMS0032,Provide,798448,20399 - TATA COMMUNICATIONS (US) INC.,*N/A*,,ASHANDHA,16-03-2016 14:53:35
160,WYNX-ZETX DWDM002_EU01,ALEX/ZETX/ICEGP/EGY*MARS/WYNX/TGFCE/FRA OMS0001,Provide,819961,20399 - TATA COMMUNICATIONS (US) INC.,*N/A*,,KKHADE,23-03-2016 15:54:42
161,WJ2X-YPSX VC4S023,MRUA/WJ2X/FLAGI/JPN*PLAL/YPSX/FLAGI/USA VC4S0023,Cancel,816821,7038 - RELIANCE GLOBALCOM LIMITED ,GSM,,PRATPAND,29-02-2016 08:36:03
162,0GRX-6Z3X NP10,CHNI/6Z3X/FLAGI/IND*SING/0GRX/FLAGI/SGP 10G0010,Provide,788708,7038 - RELIANCE GLOBALCOM LIMITED ,DARKIRU,,BHUSHPAT,30-12-2015 12:08:24
163,0GRX-6Z3X NP5,CHNI/6Z3X/FLAGI/IND*SING/0GRX/FLAGI/SGP 10G0005,Provide,788708,7038 - RELIANCE GLOBALCOM LIMITED ,DARKIRU,,BHUSHPAT,30-12-2015 12:07:39
164,WJ2X-YPSX VC4S004,MRUA/WJ2X/FLAGI/JPN*PLAL/YPSX/FLAGI/USA VC4S0004,Cancel,816821,7038 - RELIANCE GLOBALCOM LIMITED ,GSM,,PRATPAND,29-02-2016 09:31:08
165,WJ2X-YPSX VC4S031,MRUA/WJ2X/FLAGI/JPN*PLAL/YPSX/FLAGI/USA VC4S0031,Cancel,816821,7038 - RELIANCE GLOBALCOM LIMITED ,GSM,,PRATPAND,29-02-2016 08:36:48
166,WJ2X-YPSX VC4S028,MRUA/WJ2X/FLAGI/JPN*PLAL/YPSX/FLAGI/USA VC4S0028,Cancel,816821,7038 - RELIANCE GLOBALCOM LIMITED ,GSM,,PRATPAND,29-02-2016 09:21:39
167,WJ2X-YPSX VC4S002,MRUA/WJ2X/FLAGI/JPN*PLAL/YPSX/FLAGI/USA VC4S0002,Cancel,816821,7038 - RELIANCE GLOBALCOM LIMITED ,GSM,,PRATPAND,29-02-2016 09:37:38
168,7GYX-9GSX NP40,AICX/7GYX/VGOOG/JPN*TOKY/9GSX/VGOOG/JPN 10G0049,Reroute,806640,22839 - GOOGLE INFRASTRUCTURE BERMUDA LIMITED,GSM,810003143296772_412481,KKHADE,23-12-2015 14:39:34
169,7GYX-9GSX 10G004,AICX/7GYX/VGOOG/JPN*TOKY/9GSX/VGOOG/JPN 10G0004,Reroute,807396,22839 - GOOGLE INFRASTRUCTURE BERMUDA LIMITED,GSM,,AKARMUR,04-02-2016 11:01:00
170,9HGX-9HIX 10G027,HNKG/9HGX/GIBEL/HKG*SING/9HIX/GIBEL/SGP 10G0027,Provide,796519,22839 - GOOGLE INFRASTRUCTURE BERMUDA LIMITED,GSM,,ASATPUTE,25-03-2016 12:22:56
171,9GSX-TV2X DWDM012,TOKY/9GSX/VGOOG/JPN*TOKY/TV2X/VSNLJ/JPN OMS0002,Reroute,806712,22839 - GOOGLE INFRASTRUCTURE BERMUDA LIMITED,GSM,,KEDA,16-02-2016 01:22:25
172,7GYX-9GSX NP56,AICX/7GYX/VGOOG/JPN*TOKY/9GSX/VGOOG/JPN 10G0056,Reroute,806736,22839 - GOOGLE INFRASTRUCTURE BERMUDA LIMITED,GSM,25P211112 / 0810003143296776,PRATPAND,04-01-2016 13:09:53
173,69GX-9HGX 10G019,HNKG/9HGX/GIBEL/HKG*TOYH/69GX/GIBEL/JPN 10G0019,Provide,796465,22839 - GOOGLE INFRASTRUCTURE BERMUDA LIMITED,GSM,,SUDSHIND,22-02-2016 09:57:12
174,9HGX-9HIX 10G037,HNKG/9HGX/GIBEL/HKG*SING/9HIX/GIBEL/SGP 10G0037,Provide,796514,22839 - GOOGLE INFRASTRUCTURE BERMUDA LIMITED,GSM,,ASATPUTE,26-03-2016 07:01:10
175,69GX-9HGX 10G003,HNKG/9HGX/GIBEL/HKG*TOYH/69GX/GIBEL/JPN 10G0003,Provide,796483,22839 - GOOGLE INFRASTRUCTURE BERMUDA LIMITED,GSM,,SUDSHIND,19-02-2016 13:52:59
176,69GX-9HGX 10G007,HNKG/9HGX/GIBEL/HKG*TOYH/69GX/GIBEL/JPN 10G0007,Provide,796475,22839 - GOOGLE INFRASTRUCTURE BERMUDA LIMITED,GSM,,SUDSHIND,19-02-2016 14:23:22
177,4K2X-9HGX OMS0011,CHAW/4K2X/THK/HKG*HNKG/9HGX/GIBEL/HKG OMS0011,Provide,796501,22839 - GOOGLE INFRASTRUCTURE BERMUDA LIMITED,GSM,,SANDEEPJ,23-03-2016 11:00:46
178,3GGX-4K2X OMS059,CHAW/4K2X/THK/HKG*HNKG/3GGX/VGOOG/HKG OMS0059,Provide,758388,22839 - GOOGLE INFRASTRUCTURE BERMUDA LIMITED,GSM,,YMANVE,15-05-2015 13:19:13
179,4K2X-9HGX OMS020,CHAW/4K2X/THK/HKG*HNKG/9HGX/GIBEL/HKG OMS0018,Provide,796515,22839 - GOOGLE INFRASTRUCTURE BERMUDA LIMITED,GSM,,ASATPUTE,26-03-2016 05:56:22
180,4K2X-9HGX OMS016,CHAW/4K2X/THK/HKG*HNKG/9HGX/GIBEL/HKG OMS0016,Provide,796517,22839 - GOOGLE INFRASTRUCTURE BERMUDA LIMITED,GSM,,ASATPUTE,25-03-2016 17:10:55
181,7GGX-7GYX NP26,AICX/7GYX/VGOOG/JPN*HNKG/7GGX/VGOOG/HKG 10G0048,Reroute,806726,22839 - GOOGLE INFRASTRUCTURE BERMUDA LIMITED,GSM,8520000143296778_412425,KKHADE,31-12-2015 10:50:00
182,7GGX-7GYX NP6,AICX/7GYX/VGOOG/JPN*HNKG/7GGX/VGOOG/HKG 10G0028,Reroute,806725,22839 - GOOGLE INFRASTRUCTURE BERMUDA LIMITED,GSM,8520000143296800_412424,KKHADE,31-12-2015 10:22:13
183,9HGX-9HIX 10G029,HNKG/9HGX/GIBEL/HKG*SING/9HIX/GIBEL/SGP 10G0029,Provide,796518,22839 - GOOGLE INFRASTRUCTURE BERMUDA LIMITED,GSM,,ASATPUTE,25-03-2016 16:48:52
184,9HIX-SVWX OMS010,SING/SVWX/VSNLS/SGP*SING/9HIX/GIBEL/SGP OMS0007,Provide,796518,22839 - GOOGLE INFRASTRUCTURE BERMUDA LIMITED,GSM,,ASATPUTE,25-03-2016 16:48:35
185,4K2X-9HGX OMS013,CHAW/4K2X/THK/HKG*HNKG/9HGX/GIBEL/HKG OMS0013,Provide,796520,22839 - GOOGLE INFRASTRUCTURE BERMUDA LIMITED,GSM,,ASATPUTE,25-03-2016 11:05:05
186,7GYX-9GSX NP53,AICX/7GYX/VGOOG/JPN*TOKY/9GSX/VGOOG/JPN 10G0053,Modify,806615,22839 - GOOGLE INFRASTRUCTURE BERMUDA LIMITED,GSM,29P211112 / 0810003143296780,KKHADE,28-12-2015 07:59:54
187,D0VX-HX0X SPVLAN0001,DALS/D0VX/SANCH/USA*OMHA/HX0X/TRAVI/USA SPVLAN0001,Provide,790374,25225 - THE TRAVELERS INDEMNITY COMPANY,GSM,,RNISTANE,25-07-2015 04:57:20
188,J3QX-L96X SPVLAN0001,HFDX/J3QX/TALKT/GBR*LNDN/L96X/SANCH/GBR SPVLAN0001,Provide,728417,25300 - TALKTALK TELECOM LIMITED,GSM,,MNIBRAD,09-09-2015 10:41:45
189,7M8X-NW8X 1T3,MUMB/7M8X/GENPI/IND*NYKC/NW8X/TGBUS/USA 630N0001,Provide,807230,25736 - GENPACT INDIA,ENTCCP,,PMORASAK,08-03-2016 09:13:32
190,1GCX-NW8X 24N004,CHIG/1GCX/GENPA/USA*NYKC/NW8X/TGBUS/USA 24N0004,Provide,807230,25736 - GENPACT INDIA,ENTCCP,,PMORASAK,24-02-2016 14:57:08
191,7GPX-NW8X 24N001,CHIG/7GPX/GENPI/USA*NYKC/NW8X/TGBUS/USA 24N0001,Provide,807230,25736 - GENPACT INDIA,ENTCCP,,PMORASAK,08-03-2016 09:13:51
192,1GCX-NYYX 24N017,CHIG/1GCX/GENPA/USA*NYKC/NYYX/TGBUS/USA 24N0017,Cancel,814255,25736 - GENPACT INDIA,VTS,,PMORASAK,03-03-2016 07:20:55
193,8GPX-NW8X 24N001,DALS/8GPX/GENPI/USA*NYKC/NW8X/TGBUS/USA 24N0001,Provide,807230,25736 - GENPACT INDIA,ENTCCP,,PMORASAK,08-03-2016 09:14:02
194,NDLX-NV7X KLL-NV7 DL76IROAMB,NDLH/NDLX/VSNL/IND*NDLH/NV7X/VSNL/IND 64K0080,Provide,800000,13110 - MAXIS INTERNATIONAL SDN BHD,VTS,,ANVERMA,07-12-2015 06:22:49
195,NDLX-NV7X KLL-NV7 DL76IROAMA,NDLH/NDLX/VSNL/IND*NDLH/NV7X/VSNL/IND 64K0079,Provide,800000,13110 - MAXIS INTERNATIONAL SDN BHD,VTS,,ANVERMA,07-12-2015 06:22:45
196,NDLX-NV7X 30NROAMP157A,NDLH/NDLX/VSNL/IND*NDLH/NV7X/VSNL/IND 30N0021,Provide,791589,13110 - MAXIS INTERNATIONAL SDN BHD,SCCP,340648,ANVERMA,28-10-2015 06:39:11
197,MMBX-MMBX KPJ-VMU DL78IROAMA,MUMB/MMBX/VSNL/IND*MUMB/MMBX/VSNL/IND 64K0071,Provide,800000,13110 - MAXIS INTERNATIONAL SDN BHD,VTS,,ANVERMA,07-12-2015 06:34:36
198,NDLX-NV7X HME-NV7 DL71IROAMA,NDLH/NDLX/VSNL/IND*NDLH/NV7X/VSNL/IND 64K0089,Provide,798408,11776 - PT TELEKOMUNIKASI SELULAR (TELKOMSEL),VTS,,ANVERMA,05-12-2015 11:13:27
199,MMBX-MMBX HME-VMU DL72IROAMB,MUMB/MMBX/VSNL/IND*MUMB/MMBX/VSNL/IND 64K0056,Provide,798408,11776 - PT TELEKOMUNIKASI SELULAR (TELKOMSEL),VTS,,ANVERMA,05-12-2015 11:00:23
200,NDLX-NV7X 30NROAMP134A,NDLH/NDLX/VSNL/IND*NDLH/NV7X/VSNL/IND 30N0025,Provide,798412,11776 - PT TELEKOMUNIKASI SELULAR (TELKOMSEL),SCCP,341879,ANVERMA,05-12-2015 10:07:23
201,MMBX-MMBX S8D-VMU DL71IROAMA,MUMB/MMBX/VSNL/IND*MUMB/MMBX/VSNL/IND 64K0049,Provide,798408,11776 - PT TELEKOMUNIKASI SELULAR (TELKOMSEL),VTS,,ANVERMA,05-12-2015 10:49:41
202,MMBX-MMBX 30NLIM301B,MUMB/MMBX/VSNL/IND*MUMB/MMBX/VSNL/IND 30N0147,Provide,798412,11776 - PT TELEKOMUNIKASI SELULAR (TELKOMSEL),SCCP,340264,ANVERMA,05-12-2015 10:44:14
203,NW8X-XBQX OF006,NYKC/NW8X/TGBUS/USA*SING/XBQX/XDFGD/SGP OTS000006,Provide,694088,26211 - TATA - BB IP4755,*N/A*,,SMAHAMUN,02-09-2013 15:18:31
204,46AX-A56X NP14,ATLA/A56X/TGBUS/USA*ATLA/46AX/IVAKA/USA NP0014,Modify,816842,"23694 - AKAMAI TECHNOLOGIES, INC.",INET,,MNIBRAD,05-03-2016 11:05:10
205,BCMX-P5GX OMS011,CDOX/BCMX/GMCR/PHL*CDOX/P5GX/GMCR/PHL OMS0011,Provide,799587,10234 - GLOBE TELECOM INC.,IRU,,AKARMUR,04-02-2016 06:44:47
206,BCMX-P5GX OMS021,CDOX/BCMX/GMCR/PHL*CDOX/P5GX/GMCR/PHL OMS0021,Provide,799586,10234 - GLOBE TELECOM INC.,IRU,,AKARMUR,11-02-2016 06:52:13
207,GHSX-P5GX 10G008,CDOX/P5GX/GMCR/PHL*TOKY/GHSX/GMCR/JPN 10G0008,Provide,799423,10234 - GLOBE TELECOM INC.,IRU,,AKARMUR,10-02-2016 10:12:42
208,F2CX-UZMX SPVLAN0001,FRKF/F2CX/IIX/DEU*FRKF/UZMX/ADMBH/DEU SPVLAN0001,Reroute,819324,23450 - AMADEUS DATA PROCESSING GMBH  ,GLOBETH,,YSOMI,16-03-2016 11:33:39
209,529X-UZNX 100M0001,ERDI/529X/ADMBH/DEU*FRKF/UZNX/ADMBH/DEU 100M0001,Reroute,819322,23450 - AMADEUS DATA PROCESSING GMBH  ,GLOBETH,,YSOMI,16-03-2016 10:51:05
210,GP0X-GQ3X 10G002,PRLD/GP0X/PRISE/USA*TOYH/GQ3X/PRISE/JPN 10G0003,Cancel,819163,25680 - GOOGLE INC,GSM,,SUDSHIND,16-03-2016 08:41:19
211,NYYX-Q7NX 24N007,NYKC/NYYX/TGBUS/USA*NYKC/Q7NX/AUXIB/USA 24N0019,Cancel,818461,24107 - JOHN KEELLS BPO SOLUTIONS INDIA PRIVATE LI,ENTVTS,,AMRITJAD,08-03-2016 13:58:15
212,NYYX-Q7NX 24N010,NYKC/NYYX/TGBUS/USA*NYKC/Q7NX/AUXIB/USA 24N0022,Cancel,818461,24107 - JOHN KEELLS BPO SOLUTIONS INDIA PRIVATE LI,ENTVTS,,AMRITJAD,08-03-2016 14:00:11
213,NYYX-Q7NX 24N006,NYKC/NYYX/TGBUS/USA*NYKC/Q7NX/AUXIB/USA 24N0018,Cancel,818461,24107 - JOHN KEELLS BPO SOLUTIONS INDIA PRIVATE LI,ENTVTS,,AMRITJAD,09-03-2016 10:11:13
214,NW8X-Q7NX 24N009,NYKC/NW8X/TGBUS/USA*NYKC/Q7NX/AUXIB/USA 24N0012,Provide,818461,24107 - JOHN KEELLS BPO SOLUTIONS INDIA PRIVATE LI,ENTVTS,,AMRITJAD,15-03-2016 09:20:30
215,NYYX-Q7NX 24N022,NYKC/NYYX/TGBUS/USA*NYKC/Q7NX/AUXIB/USA 24N0014,Cancel,818461,24107 - JOHN KEELLS BPO SOLUTIONS INDIA PRIVATE LI,ENTVTS,,AMRITJAD,09-03-2016 10:06:17
216,NYYX-Q7NX 24N005,NYKC/NYYX/TGBUS/USA*NYKC/Q7NX/AUXIB/USA 24N0017,Cancel,818461,24107 - JOHN KEELLS BPO SOLUTIONS INDIA PRIVATE LI,ENTVTS,,AMRITJAD,09-03-2016 10:07:45
217,NYYX-Q7NX 24N004,NYKC/NYYX/TGBUS/USA*NYKC/Q7NX/AUXIB/USA 24N0016,Cancel,818461,24107 - JOHN KEELLS BPO SOLUTIONS INDIA PRIVATE LI,ENTVTS,,AMRITJAD,09-03-2016 10:07:10
218,S7NX-SVWX 30N031,SING/SVWX/VSNLS/SGP*SRBA/S7NX/NIKAS/IDN 30N0004,Cancel,804130,20494 - PT TELEKOMUNIKASI INDONESIA INTERNATIONAL,VTSPREM,,ROVARADE,27-01-2016 13:36:52
219,S7NX-SVWX 30N032,SING/SVWX/VSNLS/SGP*SRBA/S7NX/NIKAS/IDN 30N0005,Cancel,804130,20494 - PT TELEKOMUNIKASI INDONESIA INTERNATIONAL,VTSPREM,,ROVARADE,27-01-2016 13:36:43
220,B2GX-SVWX 30N014,JAKT/B2GX/NIKAS/IDN*SING/SVWX/VSNLS/SGP 30N0001,Cancel,804130,20494 - PT TELEKOMUNIKASI INDONESIA INTERNATIONAL,VTSPREM,,ROVARADE,27-01-2016 13:34:35
221,MLVX-YJ9X 1G0001,DBAI/YJ9X/JAUGA/UAE*MUMB/MLVX/VSNL/IND 1G0001,Reroute,816598,24048 - Jaguar Land Rover Limited,GSM,,NTHENGAD,16-03-2016 06:54:09
222,MTTX-N9FX 24N058,MTRL/MTTX/TGB/CAN*NWRK/N9FX/FRC/USA 24N0079,Provide,786233,10182 - GLOBAL CROSSING,VTS,,PMORASAK,06-11-2015 09:53:45
223,1M5X-NW8X 24N002,NYKC/1M5X/TRIPC/USA*NYKC/NW8X/TGBUS/USA 24N0002,Provide,813028,23536 - MAKE MY TRIP INC,ENTVTS,,PMORASAK,25-01-2016 14:27:25
224,1M5X-NYYX 24N004,NYKC/1M5X/TRIPC/USA*NYKC/NYYX/TGBUS/USA 24N0002,Cancel,813028,23536 - MAKE MY TRIP INC,ENTVTS,,PMORASAK,25-01-2016 14:27:34
225,NW8X-NW8X 1S0144,NYKC/NW8X/TGBUS/USA*NYKC/NW8X/TGBUS/USA 1S0144,Reroute,813324,918 - TATA COMMUNICATIONS (CANADA) LTD.,*N/A*,,TNYPPEP,09-03-2016 17:42:08
226,NW8X-NW8X 1S0145,NYKC/NW8X/TGBUS/USA*NYKC/NW8X/TGBUS/USA 1S0145,Reroute,813324,918 - TATA COMMUNICATIONS (CANADA) LTD.,*N/A*,,TNYPPEP,17-03-2016 17:58:02
227,NYYX-NYYX OTS349,NYKC/NYYX/TGBUS/USA*NYKC/NYYX/TGBUS/USA OTS000620,Cancel,818715,918 - TATA COMMUNICATIONS (CANADA) LTD.,*N/A*,,KBHOWMIK,15-03-2016 12:25:27
228,NYYX-NYYX OTS1502,NYKC/NYYX/TGBUS/USA*NYKC/NYYX/TGBUS/USA OTS000621,Cancel,818715,918 - TATA COMMUNICATIONS (CANADA) LTD.,*N/A*,,KBHOWMIK,15-03-2016 12:25:01
229,NW8X-NW8X OF4354,NYKC/NW8X/TGBUS/USA*NYKC/NW8X/TGBUS/USA OTS004354,Cancel,814683,918 - TATA COMMUNICATIONS (CANADA) LTD.,*N/A*,,TNYPPEP,17-02-2016 18:05:27
230,NYYX-NYYX OTS2782,NYKC/NYYX/TGBUS/USA*NYKC/NYYX/TGBUS/USA OTS000130,Cancel,818716,918 - TATA COMMUNICATIONS (CANADA) LTD.,*N/A*,,KBHOWMIK,15-03-2016 06:53:11
231,P44X-WV1X CEVLAN010,PUNE/P44X/SANCH/IND*WALL/WV1X/TGBUS/USA CEVLAN0010,Provide,811249,918 - TATA COMMUNICATIONS (CANADA) LTD.,*N/A*,,KKHADE,11-03-2016 13:50:47
232,NW8X-WV1X NP26,NYKC/NW8X/TGBUS/USA*WALL/WV1X/TGBUS/USA CEVLAN0026,Provide,749357,918 - TATA COMMUNICATIONS (CANADA) LTD.,*N/A*,,AKARMUR,06-10-2014 08:32:13
233,NJYX-WYMX 1T3,NWRK/NJYX/TGBUS/USA*WAHX/WYMX/MFS/USA 630N0001,Cancel,818716,918 - TATA COMMUNICATIONS (CANADA) LTD.,*N/A*,,KBHOWMIK,15-03-2016 06:50:00
234,LAAX-LAAX TUG3S003,LOSA/LAAX/TGBUS/USA*LOSA/LAAX/TGBUS/USA VC3S0116,Reroute,804724,918 - TATA COMMUNICATIONS (CANADA) LTD.,*N/A*,,RCHAKRAD,19-01-2016 13:29:51
235,LHXX-MTTX VC4S005,LNDN/LHXX/TGBUK/GBR*MTRL/MTTX/TGB/CAN VC4S0004,Reroute,817818,918 - TATA COMMUNICATIONS (CANADA) LTD.,*N/A*,,ASATPUTE,16-03-2016 16:48:35
236,NYYX-TTTX VC4S402,NYKC/NYYX/TGBUS/USA*SCRB/TTTX/TGB/CAN VC4S0003,Cancel,818715,918 - TATA COMMUNICATIONS (CANADA) LTD.,*N/A*,,KBHOWMIK,15-03-2016 12:30:12
237,8TUX-SVWX 64S-UP1.1,SING/8TUX/VSNLS/SGP*SING/SVWX/VSNLS/SGP 64V4C0001,Provide,760638,918 - TATA COMMUNICATIONS (CANADA) LTD.,*N/A*,,MUGILANR,02-03-2015 08:24:42
238,NW8X-NW8X VC3S213-3TJ,NYKC/NW8X/TGBUS/USA*NYKC/NW8X/TGBUS/USA VC3S0097,Provide,805165,918 - TATA COMMUNICATIONS (CANADA) LTD.,*N/A*,,ASHANDHA,18-02-2016 08:10:50
239,LHXX-MOYX 30N009,LNDN/LHXX/TGBUK/GBR*MSCW/MOYX/MZT/RUS 30N0009,Reroute,815506,918 - TATA COMMUNICATIONS (CANADA) LTD.,VTS,,RCHAKRAD,10-03-2016 06:08:01
240,LHXX-MOYX 30N008,LNDN/LHXX/TGBUK/GBR*MSCW/MOYX/MZT/RUS 30N0008,Reroute,815506,918 - TATA COMMUNICATIONS (CANADA) LTD.,VTS,,RCHAKRAD,10-03-2016 06:07:34
241,LHXX-MOYX 30N007,LNDN/LHXX/TGBUK/GBR*MSCW/MOYX/MZT/RUS 30N0007,Reroute,815506,918 - TATA COMMUNICATIONS (CANADA) LTD.,VTS,,RCHAKRAD,10-03-2016 06:07:19
242,LHXX-MOYX 30N005,LNDN/LHXX/TGBUK/GBR*MSCW/MOYX/MZT/RUS 30N0005,Reroute,815506,918 - TATA COMMUNICATIONS (CANADA) LTD.,VTS,,RCHAKRAD,10-03-2016 06:06:26
243,LHXX-MOYX 30N004,LNDN/LHXX/TGBUK/GBR*MSCW/MOYX/MZT/RUS 30N0004,Reroute,815506,918 - TATA COMMUNICATIONS (CANADA) LTD.,VTS,,RCHAKRAD,10-03-2016 06:06:11
244,NJYX-WV1X VC4S001/DCN,NWRK/NJYX/TGBUS/USA*WALL/WV1X/TGBUS/USA VC4S0004,Reroute,819775,918 - TATA COMMUNICATIONS (CANADA) LTD.,*N/A*,,ASATPUTE,21-03-2016 15:01:21
245,LHXX-MMKX 30N003,LNDN/LHXX/TGBUK/GBR*MNSK/MMKX/MPTIB/BLR 30N0003,Reroute,815506,918 - TATA COMMUNICATIONS (CANADA) LTD.,VTS,,RCHAKRAD,10-03-2016 06:01:13
246,NW8X-NYYX VC3S0045,NYKC/NYYX/TGBUS/USA*NYKC/NW8X/TGBUS/USA VC3S0021,Provide,795892,918 - TATA COMMUNICATIONS (CANADA) LTD.,*N/A*,,ASATPUTE,23-09-2015 11:31:16
247,NW8X-NYYX VC3S0035,NYKC/NYYX/TGBUS/USA*NYKC/NW8X/TGBUS/USA VC3S0011,Provide,795892,918 - TATA COMMUNICATIONS (CANADA) LTD.,*N/A*,,ASATPUTE,23-09-2015 11:30:39
248,NW8X-NYYX VC3S0042,NYKC/NYYX/TGBUS/USA*NYKC/NW8X/TGBUS/USA VC3S0018,Provide,795892,918 - TATA COMMUNICATIONS (CANADA) LTD.,*N/A*,,ASATPUTE,23-09-2015 11:31:05
249,NW8X-NYYX VC3S0038,NYKC/NYYX/TGBUS/USA*NYKC/NW8X/TGBUS/USA VC3S0014,Provide,795892,918 - TATA COMMUNICATIONS (CANADA) LTD.,*N/A*,,ASATPUTE,23-09-2015 11:30:50
250,NW8X-WV1X CEVLAN033,NYKC/NW8X/TGBUS/USA*WALL/WV1X/TGBUS/USA CEVLAN0033,Provide,811808,918 - TATA COMMUNICATIONS (CANADA) LTD.,*N/A*,,ASHANDHA,08-02-2016 12:24:40
251,NW8X-NYYX VC3S0025,NYKC/NYYX/TGBUS/USA*NYKC/NW8X/TGBUS/USA VC3S0001,Provide,795892,918 - TATA COMMUNICATIONS (CANADA) LTD.,*N/A*,,ASATPUTE,23-09-2015 11:30:02
252,SV8X-SV8X NP1,HIBR/SV8X/TGBUK/GBR*HIBR/SV8X/TGBUK/GBR CEVLAN0001,Provide,749357,918 - TATA COMMUNICATIONS (CANADA) LTD.,*N/A*,,AKARMUR,06-10-2014 08:13:32
253,MLNX-NYYX VC4S001,MIAM/MLNX/TGBUS/USA*NYKC/NYYX/TGBUS/USA VC4S0002,Cancel,818715,918 - TATA COMMUNICATIONS (CANADA) LTD.,*N/A*,,KBHOWMIK,15-03-2016 12:40:17
254,WV1X-WV1X 1G025,WALL/WV1X/TGBUS/USA*WALL/WV1X/TGBUS/USA 1G0025,Provide,749357,918 - TATA COMMUNICATIONS (CANADA) LTD.,*N/A*,,TNJYKEP,03-10-2014 15:48:22
255,NYYX-NYYX 1G110,NYKC/NYYX/TGBUS/USA*NYKC/NYYX/TGBUS/USA 1G0110,Provide,795892,918 - TATA COMMUNICATIONS (CANADA) LTD.,*N/A*,,ASATPUTE,05-10-2015 14:16:01
256,LHXX-MOYX 30N002,LNDN/LHXX/TGBUK/GBR*MSCW/MOYX/MZT/RUS 30N0002,Reroute,815506,918 - TATA COMMUNICATIONS (CANADA) LTD.,VTS,,RCHAKRAD,10-03-2016 06:05:18
257,WD5X-WV2X OMS035,MRUA/WV2X/VSNLJ/JPN*WADA/WD5X/FLL/JPN OMS0035,Provide,816580,7039 - RELIANCE FLAG TELECOM IRELAND LIMITED,GSM,,AKARMUR,16-03-2016 07:27:25
258,PJVX-WD5X 10G001,PLAL/PJVX/FLAGN/USA*WADA/WD5X/FLL/JPN 10G0001,Provide,816580,7039 - RELIANCE FLAG TELECOM IRELAND LIMITED,GSM,,AKARMUR,16-03-2016 08:38:20
259,PV4X-U0ZX 1G0001,PITI/PV4X/VSNGU/GUM*SYDN/U0ZX/DAFKL/AUS 1G0001,Provide,805751,25669 - VODAFONE HUTCHISON AUSTRALIA PTY. LTD.,GLOBETH,,PPRABHUD,03-02-2016 14:53:53
260,73NX-8BUX 63N003,SNCL/73NX/ERUIG/USA*SNCL/8BUX/ERUIG/USA 630N0003,Provide,809625,26678 - TATA CONSULTANCY SERVICES LTD.,GSM,,SUDSHIND,14-01-2016 13:31:26
261,VT5X-Y7GX OMS083,VUNX/VT5X/VIPOW/VNM*VUNX/Y7GX/VIPOW/VNM OMS0083,Provide,799448,20011 - VIETTEL GROUP,IRU,,AKARMUR,18-02-2016 13:18:24
262,6B9X-Y7GX 10G065,HNKG/6B9X/VIPOW/HKG*VUNX/Y7GX/VIPOW/VNM 10G0065,Provide,799414,20011 - VIETTEL GROUP,IRU,,AKARMUR,17-02-2016 11:25:37
263,RDBX-Y7GX 10G021,TOYH/RDBX/VIPOW/JPN*VUNX/Y7GX/VIPOW/VNM 10G0021,Provide,799455,20011 - VIETTEL GROUP,IRU,,AKARMUR,19-02-2016 10:20:34
264,GNYX-Y7GX 10G038,SING/GNYX/VIPOW/SGP*VUNX/Y7GX/VIPOW/VNM 10G0038,Provide,799452,20011 - VIETTEL GROUP,IRU,,AKARMUR,15-02-2016 10:30:58
265,GNYX-Y7GX 10G059,SING/GNYX/VIPOW/SGP*VUNX/Y7GX/VIPOW/VNM 10G0059,Provide,799448,20011 - VIETTEL GROUP,IRU,,AKARMUR,18-02-2016 13:15:22
266,GNYX-Y7GX 10G056,SING/GNYX/VIPOW/SGP*VUNX/Y7GX/VIPOW/VNM 10G0056,Provide,799448,20011 - VIETTEL GROUP,IRU,,AKARMUR,18-02-2016 13:15:12
267,GNYX-Y7GX 10G054,SING/GNYX/VIPOW/SGP*VUNX/Y7GX/VIPOW/VNM 10G0054,Provide,799448,20011 - VIETTEL GROUP,IRU,,AKARMUR,18-02-2016 13:15:06
268,6B9X-Y7GX 10G074,HNKG/6B9X/VIPOW/HKG*VUNX/Y7GX/VIPOW/VNM 10G0074,Provide,799414,20011 - VIETTEL GROUP,IRU,,AKARMUR,17-02-2016 11:26:35
269,6B9X-Y7GX 10G070,HNKG/6B9X/VIPOW/HKG*VUNX/Y7GX/VIPOW/VNM 10G0070,Provide,799414,20011 - VIETTEL GROUP,IRU,,AKARMUR,17-02-2016 11:26:22
270,HL5X-W1UX 100M0001,MUMB/HL5X/IOWEB/IND*MUMB/W1UX/SANCH/IND 100M0001,Provide,791904,27048 - VERIZON COMMUNICATIONS INDIA PVT LTD,GLOBETH,,PPRABHUD,23-08-2015 12:29:22
271,KO1X-KOZX SPVLAN0008,KOLK/KO1X/IOWEB/IND*KOLK/KOZX/VSNL/IND SPVLAN0008,Provide,816369,27048 - VERIZON COMMUNICATIONS INDIA PVT LTD,GLOBETH,,YSOMI,14-03-2016 12:33:17
272,7VZX-W1UX SPVLAN0033,MUMB/7VZX/IOWEB/IND*MUMB/W1UX/SANCH/IND SPVLAN0033,Cancel,817947,27048 - VERIZON COMMUNICATIONS INDIA PVT LTD,GLOBETH,,YSOMI,10-03-2016 11:37:56
273,A90X-V90X SPVLAN0058,BGLR/A90X/BHARL/IND*BGLR/V90X/IOWEB/IND SPVLAN0058,Provide,779638,27048 - VERIZON COMMUNICATIONS INDIA PVT LTD,GLOBETH,,YSOMI,12-08-2015 11:26:49
274,A91X-KM9X SPVLAN029,NOID/A91X/BHARL/IND*NOID/KM9X/IOWEB/IND SPVLAN0029,Cancel,812090,27048 - VERIZON COMMUNICATIONS INDIA PVT LTD,GLOBETH,,SUDMISHR,01-02-2016 08:35:44
275,A92X-A92X SPVLAN0017,CHNI/A92X/BHARL/IND*CHNI/A92X/BHARL/IND SPVLAN0017,Provide,780116,27048 - VERIZON COMMUNICATIONS INDIA PVT LTD,GLOBETH,,PPRABHUD,05-05-2015 06:59:16
276,3G4X-IM6X 100M002,MUMB/3G4X/WLTTH/IND*MUMB/IM6X/VSNLI/IND 100M0002,Provide,752913,35055 - WAY 2 WEALTH BROKERS PRIVATE LIMITED,LOLA,,AKARMUR,04-03-2015 13:40:34
277,HK2X-TV2X EOS002,CHAW/HK2X/THK/HKG*TOKY/TV2X/VSNLJ/JPN EOS0004,Reroute,760721,22455 - BNP PARIBASNET LIMITED,GLOBETH,,ROVARADE,31-12-2014 06:45:56
278,MMBX-MMBX VMU-ZH1 DL74IROAMA,MUMB/MMBX/VSNL/IND*MUMB/MMBX/VSNL/IND 64K0091,Provide,789585,12719 - M1 LIMITED,VTS,,ANVERMA,28-10-2015 10:09:59
279,MMBX-MMBX VMU-ZH1 DL73IROAMA,MUMB/MMBX/VSNL/IND*MUMB/MMBX/VSNL/IND 64K0089,Provide,789585,12719 - M1 LIMITED,VTS,,ANVERMA,28-10-2015 10:07:16
280,NDLX-NV7X NV7-ZH1 DL74IROAMA,NDLH/NDLX/VSNL/IND*NDLH/NV7X/VSNL/IND 64K0009,Provide,789585,12719 - M1 LIMITED,VTS,,ANVERMA,28-10-2015 09:51:38
281,LAAX-ZU3X 30N004,GZHU/ZU3X/MPTCH/CHN*LOSA/LAAX/TGBUS/USA 30N0004,Reroute,789275,234 - CHINA TELECOM GLOBAL LIMITED,VTS,,ROVARADE,31-08-2015 05:19:40
282,AEQX-L78X 10G005,ASBN/AEQX/TGBUS/USA*LNDN/L78X/TGBUK/GBR 10G0005,Provide,812516,25062 - TATA - BB IP6453,*N/A*,,TNJYKEP,21-03-2016 14:44:55
283,SVWX-SVWX SPVLAN0148,SING/SVWX/VSNLS/SGP*SING/SVWX/VSNLS/SGP SPVLAN0148,Provide,785347,7244 - LEVEL 3 COMMUNICATIONS HONG KONG LIMITED,GLOBETH,,PPRABHUD,25-08-2015 13:04:02
284,4E7X-W1UX 10G0001,MUMB/4E7X/IVGCL/IND*MUMB/W1UX/SANCH/IND 10G0001,Provide,785349,7244 - LEVEL 3 COMMUNICATIONS HONG KONG LIMITED,GLOBETH,,PPRABHUD,26-08-2015 08:36:53
285,L78X-XR4X SPVLAN0001,LNDN/L78X/TGBUK/GBR*MDXX/XR4X/PAREX/GBR SPVLAN0001,Provide,749249,"25573 - PAREXEL INTERNATIONAL, LLC",GSM,,MNIBRAD,08-02-2016 11:21:26
286,L97X-XR4X SPVLAN001,LNDN/L97X/SANCH/GBR*MDXX/XR4X/PAREX/GBR SPVLAN0001,Cancel,749249,"25573 - PAREXEL INTERNATIONAL, LLC",GSM,M6 id: 044UKCI623006021369_152034,HMEKALA,09-02-2016 10:17:02
287,PYEX-Q57X 1G0001,PARS/PYEX/TGFCE/FCE*PAXX/Q57X/EXANQ/FCE 1G0001,Provide,782600,28111 - EXANE LTD,GLOBETH,,PPRABHUD,20-05-2015 08:33:06
288,3M4X-SVWX OMS0007,SING/3M4X/RBVBN/SGP*SING/SVWX/VSNLS/SGP OMS0007,Provide,743061,26666 - GOOGLE ASIA PACIFIC PTE LTD,GSM,,BRAO,04-08-2014 15:00:33
289,3M4X-4M3X 10G0015,HNKG/4M3X/RBVBN/CHN*SING/3M4X/RBVBN/SGP 10G0015,Provide,743062,26666 - GOOGLE ASIA PACIFIC PTE LTD,GSM,,BRAO,05-08-2014 02:55:41
290,AE3X-NW8X OMS002,ASBN/AE3X/EQUIX/USA*NYKC/NW8X/TGBUS/USA OMS0002,Cancel,819495,7136 - NTT AMERICA,GSM,,AKARMUR,16-03-2016 06:43:36
291,L78X-L78X OMS376,LNDN/L78X/TGBUK/GBR*LNDN/L78X/TGBUK/GBR OMS0376,Cancel,816252,7136 - NTT AMERICA,GSM,,AKARMUR,22-02-2016 09:24:25
292,K43X-NW8X OMS001,LOSA/K43X/NTELR/USA*NYKC/NW8X/TGBUS/USA OMS0001,Reroute,817232,23580 - NTT EUROPE LTD.,GSM,,TNYPPEP,26-02-2016 22:30:29
293,MTTX-MVTX 24N126,MTRL/MVTX/VTL/CAN*MTRL/MTTX/TGB/CAN 24N0026,Provide,815127,12428 - VIDEOTRON G.P.,VTSPREM,,RCHAKRAD,18-02-2016 10:28:09
294,MTTX-MVTX 24N122,MTRL/MVTX/VTL/CAN*MTRL/MTTX/TGB/CAN 24N0022,Provide,815127,12428 - VIDEOTRON G.P.,VTSPREM,,RCHAKRAD,18-02-2016 10:27:55
295,MTTX-MVTX 24N113,MTRL/MVTX/VTL/CAN*MTRL/MTTX/TGB/CAN 24N0013,Provide,815127,12428 - VIDEOTRON G.P.,VTSPREM,,RCHAKRAD,18-02-2016 10:27:22
296,MTTX-MVTX 24N111,MTRL/MVTX/VTL/CAN*MTRL/MTTX/TGB/CAN 24N0011,Provide,815127,12428 - VIDEOTRON G.P.,VTSPREM,,RCHAKRAD,18-02-2016 10:27:15
297,MTTX-MVTX 24N163,MTRL/MVTX/VTL/CAN*MTRL/MTTX/TGB/CAN 24N0063,Provide,815127,12428 - VIDEOTRON G.P.,VTSPREM,,RCHAKRAD,18-02-2016 12:35:28
298,MTTX-MVTX 24N141,MTRL/MVTX/VTL/CAN*MTRL/MTTX/TGB/CAN 24N0041,Provide,815127,12428 - VIDEOTRON G.P.,VTSPREM,,RCHAKRAD,18-02-2016 12:34:05
299,MTTX-MVTX 24N132,MTRL/MVTX/VTL/CAN*MTRL/MTTX/TGB/CAN 24N0032,Provide,815127,12428 - VIDEOTRON G.P.,VTSPREM,,RCHAKRAD,18-02-2016 12:33:31
300,MTTX-MVTX 24N130,MTRL/MVTX/VTL/CAN*MTRL/MTTX/TGB/CAN 24N0030,Provide,815127,12428 - VIDEOTRON G.P.,VTSPREM,,RCHAKRAD,18-02-2016 12:33:24
